A0,A1,A2,A3,A4,A5,A6,A7,A8,A9,A10,A11,A12,A13,A14,A15,A16,A17,A18,A19,A20,A21,A22,A23,A24,A25,A26,A27,A28,A29,A30,A31,A32,A33,A34,A35,A36,A37,A38,class
-0.99759936,0.9999379,0.9992814,0.9938483,0.99899006,0.99665475,-0.99999946,0.99987334,-0.9961732,0.9999948,0.99998236,0.9999989,-0.99998844,0.99999505,-0.99999493,-0.99742246,0.99993145,-0.9999346,0.99962765,-0.995382,-0.99999994,-0.9999956,-0.999998,-0.99999505,0.99958265,-0.9702993,-0.9997719,-0.99994725,0.9999886,-0.99066496,0.99999934,0.99944115,0.99999,0.99713004,-0.9999997,-0.9998134,0.9778959,-0.99959975,0.9994627,1
-0.9999995,1.0,0.99999994,0.9999958,0.9999999,0.99999905,-1.0,1.0,-0.9999987,1.0,1.0,1.0,-1.0,1.0,-1.0,-0.99999934,1.0,-1.0,1.0,-0.9999975,-1.0,-1.0,-1.0,-1.0,1.0,-0.9998258,-1.0,-1.0,1.0,-0.999983,1.0,1.0,1.0,0.9999991,-1.0,-1.0,0.99993294,-1.0,1.0,1
-0.99942166,0.99999344,0.9998458,0.9982804,0.99977976,0.999165,-1.0,0.9999816,-0.99901086,0.99999964,0.99999857,0.99999994,-0.999999,0.99999964,-0.99999964,-0.9993303,0.9999917,-0.9999916,0.9999283,-0.99867374,-1.0,-0.9999997,-0.9999999,-0.99999964,0.99992484,-0.9875153,-0.9999639,-0.9999941,0.999999,-0.99646294,0.99999994,0.99989873,0.99999917,0.99923384,-1.0,-0.9999718,0.99152267,-0.99993485,0.9999066,1
-0.9999773,0.99999994,0.99999577,0.9998797,0.9999932,0.99995923,-1.0,0.9999998,-0.99994934,1.0,1.0,1.0,-1.0,1.0,-1.0,-0.9999709,0.99999994,-0.99999994,0.9999986,-0.99992245,-1.0,-1.0,-1.0,-1.0,0.9999985,-0.9982579,-0.99999946,-0.99999994,1.0,-0.99967086,1.0,0.99999785,1.0,0.99996233,-1.0,-0.99999964,0.99904805,-0.99999857,0.99999803,1
-1.0,1.0,1.0,0.9999999,1.0,1.0,-1.0,1.0,-1.0,1.0,1.0,1.0,-1.0,1.0,-1.0,-1.0,1.0,-1.0,1.0,-0.99999994,-1.0,-1.0,-1.0,-1.0,1.0,-0.9999888,-1.0,-1.0,1.0,-0.9999992,1.0,1.0,1.0,1.0,-1.0,-1.0,0.9999965,-1.0,1.0,1
-1.0,1.0,1.0,1.0,1.0,1.0,-1.0,1.0,-1.0,1.0,1.0,1.0,-1.0,1.0,-1.0,-1.0,1.0,-1.0,1.0,-1.0,-1.0,-1.0,-1.0,-1.0,1.0,-1.0,-1.0,-1.0,1.0,-1.0,1.0,1.0,1.0,1.0,-1.0,-1.0,1.0,-1.0,1.0,1
-0.99421304,0.99980056,0.99846685,0.98770326,0.9978767,0.99272335,-0.9999973,0.9996137,-0.9925724,0.99997747,0.9999296,0.9999944,-0.999957,0.9999793,-0.99998003,-0.9939871,0.99976295,-0.99980843,0.99910843,-0.9911427,-0.99999976,-0.999983,-0.9999909,-0.9999785,0.99893564,-0.95054126,-0.9993964,-0.99982804,0.9999574,-0.98402894,0.9999967,0.99865204,0.99996245,0.99409324,-0.99999845,-0.9994431,0.9619794,-0.99901754,0.99845916,1
-0.9943614,0.99978125,0.9980183,0.9878962,0.9973943,0.99282116,-0.999996,0.9995547,-0.9913099,0.9999729,0.99992335,0.9999933,-0.9999453,0.99997354,-0.99997485,-0.9938864,0.9997495,-0.99974245,0.998892,-0.99078,-0.99999964,-0.999976,-0.9999877,-0.9999743,0.9987736,-0.9492993,-0.99928176,-0.9998016,0.9999456,-0.9811319,0.9999956,0.99849623,0.99995273,0.9935521,-0.99999756,-0.99938,0.9602337,-0.9988405,0.99845755,0
-1.0,1.0,1.0,0.99999994,1.0,1.0,-1.0,1.0,-1.0,1.0,1.0,1.0,-1.0,1.0,-1.0,-1.0,1.0,-1.0,1.0,-0.99999994,-1.0,-1.0,-1.0,-1.0,1.0,-0.9999913,-1.0,-1.0,1.0,-0.9999994,1.0,1.0,1.0,1.0,-1.0,-1.0,0.9999976,-1.0,1.0,1
-0.94660854,0.9931,0.9739856,0.91553503,0.97056293,0.93795943,-0.9994563,0.9888537,-0.9336871,0.99806833,0.9962074,0.9991664,-0.9970287,0.9981062,-0.9981808,-0.9473406,0.99201864,-0.99218893,0.9825426,-0.92999655,-0.999861,-0.9981829,-0.99882066,-0.998152,0.97976744,-0.8159069,-0.98549676,-0.9936361,0.99719524,-0.8946904,0.99938565,0.97700095,0.9973388,0.94408554,-0.999586,-0.9867332,0.8294902,-0.98120123,0.9757228,1
-0.9950277,0.9998044,0.9980739,0.98870146,0.9975554,0.99326503,-0.99999636,0.99957895,-0.99242127,0.99997663,0.9999307,0.99999446,-0.9999489,0.99997693,-0.9999757,-0.99448127,0.9997694,-0.99974525,0.99891776,-0.99122894,-0.9999997,-0.99997735,-0.99998856,-0.99997723,0.9987779,-0.9540937,-0.999316,-0.9998221,0.9999488,-0.98036224,0.9999962,0.99868464,0.999958,0.9934625,-0.9999979,-0.9994481,0.96335244,-0.9988953,0.9985638,1
-0.9999997,1.0,0.99999994,0.9999968,0.99999994,0.9999993,-1.0,1.0,-0.99999905,1.0,1.0,1.0,-1.0,1.0,-1.0,-0.9999995,1.0,-1.0,1.0,-0.9999982,-1.0,-1.0,-1.0,-1.0,1.0,-0.99986327,-1.0,-1.0,1.0,-0.9999837,1.0,1.0,1.0,0.99999917,-1.0,-1.0,0.9999379,-1.0,1.0,1
-0.9861107,0.99914813,0.9949214,0.97403187,0.9934345,0.98275334,-0.9999761,0.99847466,-0.98056656,0.9998611,0.99964446,0.9999573,-0.99975336,0.99986917,-0.9998721,-0.98516756,0.9990567,-0.99909693,0.99689764,-0.9792396,-0.9999965,-0.99987614,-0.9999291,-0.9998697,0.99649495,-0.91677576,-0.9978095,-0.99925584,0.9997687,-0.9644821,0.99997056,0.99570495,0.99977,0.9855262,-0.9999842,-0.99796987,0.9302263,-0.9965352,0.99537694,1
-0.97161776,0.9975189,0.98865086,0.95192313,0.9857849,0.9664227,-0.9998787,0.99583924,-0.96372044,0.9994361,0.9987664,0.9998038,-0.9991445,0.9994856,-0.9995032,-0.97059906,0.99704385,-0.9974116,0.99227434,-0.9615509,-0.9999776,-0.9995156,-0.99970514,-0.99948984,0.99151087,-0.87565917,-0.9943434,-0.997779,0.99910885,-0.9403955,0.99986124,0.9895471,0.999236,0.97078365,-0.99991596,-0.99462706,0.8868717,-0.991802,0.98899317,1
-0.99951524,0.9999944,0.9998685,0.99839115,0.9998087,0.99925464,-1.0,0.9999858,-0.99914193,0.9999997,0.99999875,0.99999994,-0.9999992,0.9999997,-0.9999997,-0.99943936,0.99999344,-0.99999356,0.9999397,-0.9988895,-1.0,-0.99999976,-0.99999994,-0.9999997,0.99993515,-0.9882428,-0.99996907,-0.99999535,0.9999992,-0.9969181,1.0,0.9999126,0.9999994,0.99932426,-1.0,-0.999977,0.99232835,-0.99994266,0.9999168,1
-1.0,1.0,1.0,0.9999999,1.0,1.0,-1.0,1.0,-0.99999994,1.0,1.0,1.0,-1.0,1.0,-1.0,-1.0,1.0,-1.0,1.0,-0.99999994,-1.0,-1.0,-1.0,-1.0,1.0,-0.99998647,-1.0,-1.0,1.0,-0.9999989,1.0,1.0,1.0,1.0,-1.0,-1.0,0.9999953,-1.0,1.0,1
-0.99999994,1.0,1.0,0.99999905,1.0,0.9999998,-1.0,1.0,-0.99999976,1.0,1.0,1.0,-1.0,1.0,-1.0,-0.9999999,1.0,-1.0,1.0,-0.99999946,-1.0,-1.0,-1.0,-1.0,1.0,-0.9999424,-1.0,-1.0,1.0,-0.9999945,1.0,1.0,1.0,0.9999998,-1.0,-1.0,0.999978,-1.0,1.0,1
-0.9999729,0.99999994,0.9999938,0.99985635,0.9999907,0.99994916,-1.0,0.9999997,-0.9999365,1.0,1.0,1.0,-1.0,1.0,-1.0,-0.99996597,0.99999994,-0.9999999,0.9999981,-0.99989825,-1.0,-1.0,-1.0,-1.0,0.9999979,-0.99787956,-0.9999992,-0.99999994,1.0,-0.9995902,1.0,0.9999972,1.0,0.99995226,-1.0,-0.9999995,0.9989267,-0.99999833,0.99999756,1
-0.80635417,0.94868237,0.8929025,0.758459,0.877179,0.79698026,-0.99005216,0.9282998,-0.78594565,0.9753758,0.9608744,0.98605186,-0.9708514,0.9770168,-0.9787925,-0.8159874,0.9416081,-0.94460404,0.91111994,-0.79273796,-0.9955389,-0.97724104,-0.9819053,-0.9776451,0.8998539,-0.63497925,-0.9186543,-0.94985265,0.97029555,-0.7395151,0.98891616,0.8927479,0.9723344,0.8142815,-0.99143773,-0.92202836,0.6299164,-0.9064844,0.8782905,1
-0.9999919,1.0,0.99999857,0.9999511,0.9999977,0.99998474,-1.0,0.99999994,-0.9999806,1.0,1.0,1.0,-1.0,1.0,-1.0,-0.9999895,1.0,-1.0,0.9999996,-0.9999698,-1.0,-1.0,-1.0,-1.0,0.9999996,-0.99899447,-0.9999998,-1.0,1.0,-0.9998396,1.0,0.99999934,1.0,0.9999854,-1.0,-0.9999999,0.99951714,-0.9999996,0.9999994,1
-0.99934006,0.99998945,0.99974203,0.9977082,0.9996737,0.9989435,-0.99999994,0.9999708,-0.9987767,0.9999994,0.9999976,0.9999999,-0.99999803,0.99999934,-0.9999992,-0.9992033,0.99998796,-0.9999848,0.9998879,-0.9983693,-1.0,-0.99999934,-0.99999976,-0.99999934,0.999883,-0.9864421,-0.99993825,-0.99999106,0.99999815,-0.99454534,0.99999994,0.999852,0.9999986,0.9988421,-0.99999994,-0.9999582,0.99028665,-0.9999055,0.9998697,1
-0.75344497,0.9293949,0.8756782,0.71224666,0.85203904,0.74815905,-0.98522955,0.9052311,-0.74529266,0.96284086,0.94201225,0.97810966,-0.9592506,0.96673936,-0.96934456,-0.7649961,0.9175142,-0.92833334,0.8917664,-0.75265384,-0.9923236,-0.9677594,-0.9729829,-0.9676095,0.87491876,-0.5857359,-0.89964557,-0.9330811,0.95824826,-0.71509844,0.98280764,0.8649712,0.9607125,0.7808317,-0.9874672,-0.8971546,0.58150786,-0.8807544,0.83384156,1
-0.99996406,0.9999999,0.99999386,0.9998406,0.9999894,0.9999398,-1.0,0.9999997,-0.9999285,1.0,1.0,1.0,-1.0,1.0,-1.0,-0.9999531,0.9999999,-0.9999999,0.999998,-0.99988794,-1.0,-1.0,-1.0,-1.0,0.9999976,-0.9976548,-0.99999917,-0.99999994,1.0,-0.9995971,1.0,0.99999654,1.0,0.99994725,-1.0,-0.9999994,0.9986574,-0.99999756,0.9999967,0
-0.9999974,1.0,0.9999996,0.99998176,0.9999993,0.9999949,-1.0,1.0,-0.9999929,1.0,1.0,1.0,-1.0,1.0,-1.0,-0.9999964,1.0,-1.0,0.9999999,-0.9999879,-1.0,-1.0,-1.0,-1.0,0.9999999,-0.99951994,-0.99999994,-1.0,1.0,-0.9999318,1.0,0.9999998,1.0,0.99999505,-1.0,-1.0,0.99975324,-0.9999999,0.9999999,0
-1.0,1.0,1.0,1.0,1.0,1.0,-1.0,1.0,-1.0,1.0,1.0,1.0,-1.0,1.0,-1.0,-1.0,1.0,-1.0,1.0,-1.0,-1.0,-1.0,-1.0,-1.0,1.0,-0.9999996,-1.0,-1.0,1.0,-1.0,1.0,1.0,1.0,1.0,-1.0,-1.0,0.99999994,-1.0,1.0,1
-0.94728136,0.993961,0.97974706,0.9204719,0.9751153,0.9408318,-0.9996033,0.99050844,-0.9366553,0.99832374,0.9965797,0.99931663,-0.9977359,0.9984635,-0.9985952,-0.94911486,0.9928876,-0.99380803,0.9852659,-0.9363351,-0.9998984,-0.99860066,-0.9990499,-0.9985294,0.9830693,-0.8197895,-0.98804307,-0.99443763,0.9977584,-0.91025656,0.99952495,0.97985303,0.99776816,0.9517569,-0.999707,-0.98825794,0.8409122,-0.9833385,0.97627425,1
-0.999145,0.99998665,0.99972004,0.99742055,0.99963003,0.9987584,-0.99999994,0.9999651,-0.99852115,0.99999917,0.99999696,0.9999999,-0.9999976,0.99999917,-0.99999905,-0.99902254,0.9999844,-0.99998224,0.99988276,-0.9980447,-1.0,-0.99999917,-0.9999997,-0.99999917,0.9998631,-0.9841578,-0.99993175,-0.9999889,0.99999774,-0.9944899,0.99999994,0.99982977,0.99999815,0.9987508,-0.99999994,-0.9999516,0.9892739,-0.99987096,0.9998391,1
-0.9999929,1.0,0.9999988,0.9999586,0.999998,0.9999871,-1.0,0.99999994,-0.9999836,1.0,1.0,1.0,-1.0,1.0,-1.0,-0.9999906,1.0,-1.0,0.99999964,-0.99997103,-1.0,-1.0,-1.0,-1.0,0.99999964,-0.9991132,-0.9999999,-1.0,1.0,-0.9998608,1.0,0.99999946,1.0,0.99998766,-1.0,-0.99999994,0.99954396,-0.99999964,0.9999996,0
-0.99998564,1.0,0.999998,0.99992454,0.9999961,0.99997413,-1.0,0.99999994,-0.99996936,1.0,1.0,1.0,-1.0,1.0,-1.0,-0.999981,1.0,-1.0,0.99999934,-0.99995154,-1.0,-1.0,-1.0,-1.0,0.9999992,-0.9986183,-0.99999976,-1.0,1.0,-0.9998219,1.0,0.9999988,1.0,0.9999788,-1.0,-0.9999998,0.99926776,-0.9999992,0.9999989,1
-0.52436876,0.7637197,0.6704258,0.48464963,0.6614613,0.5159123,-0.8950028,0.704759,-0.5027458,0.82050884,0.7760497,0.8695666,-0.814174,0.8324177,-0.8463415,-0.5508795,0.7336722,-0.7344336,0.70272785,-0.5337933,-0.9261354,-0.826716,-0.8455733,-0.84330165,0.66961163,-0.3997509,-0.699154,-0.7657705,0.8174868,-0.4802861,0.88694024,0.6614359,0.82229656,0.56257176,-0.90215135,-0.69962853,0.36087635,-0.6786011,0.6057029,1
-0.4620907,0.73958004,0.6673261,0.46874171,0.6435241,0.474603,-0.88633645,0.683396,-0.46295288,0.79562485,0.7456802,0.84834826,-0.8045773,0.8130882,-0.8338173,-0.50475603,0.70173776,-0.72918767,0.6860678,-0.5128826,-0.91122174,-0.81284684,-0.8296348,-0.82590276,0.6567837,-0.3644058,-0.6899446,-0.7373723,0.7966103,-0.49211147,0.86809576,0.6338233,0.8009928,0.5556182,-0.89277923,-0.6724966,0.3223014,-0.6522031,0.57279927,1
-0.9926157,0.9997897,0.99878067,0.98731136,0.997898,0.9919032,-0.99999774,0.99961716,-0.9916396,0.9999744,0.9999193,0.99999386,-0.9999634,0.99998,-0.9999817,-0.9925223,0.999724,-0.99983597,0.9991882,-0.9904743,-0.9999997,-0.9999843,-0.9999913,-0.99997956,0.9990306,-0.94494283,-0.9994812,-0.9998142,0.99995905,-0.9868912,0.99999654,0.9984983,0.9999599,0.994692,-0.9999986,-0.9994153,0.95725924,-0.99893355,0.9981541,1
-0.48688513,0.7378735,0.6536644,0.45922711,0.62610835,0.4944061,-0.8793089,0.6803385,-0.47855446,0.7955285,0.74333453,0.8465863,-0.79717517,0.81098455,-0.8252649,-0.51931393,0.70149183,-0.71478283,0.6775629,-0.5131034,-0.9105201,-0.80578285,-0.82256436,-0.822058,0.6438364,-0.3807304,-0.6749846,-0.7395443,0.7932151,-0.46832263,0.8683627,0.6316302,0.8005395,0.53334016,-0.8851453,-0.6777042,0.33591056,-0.6534094,0.57545125,1
-0.99999964,1.0,0.99999994,0.9999972,0.99999994,0.9999993,-1.0,1.0,-0.999999,1.0,1.0,1.0,-1.0,1.0,-1.0,-0.9999995,1.0,-1.0,1.0,-0.9999982,-1.0,-1.0,-1.0,-1.0,1.0,-0.9998627,-1.0,-1.0,1.0,-0.9999884,1.0,1.0,1.0,0.9999994,-1.0,-1.0,0.999942,-1.0,1.0,1
-0.9998929,0.99999934,0.9999739,0.99956864,0.9999587,0.99982876,-1.0,0.9999981,-0.9997851,1.0,0.9999999,1.0,-0.99999994,1.0,-1.0,-0.99985987,0.9999993,-0.9999992,0.9999902,-0.9997011,-1.0,-1.0,-1.0,-1.0,0.99998903,-0.99502605,-0.9999956,-0.9999995,0.99999994,-0.9989094,1.0,0.9999863,0.99999994,0.999828,-1.0,-0.99999696,0.99718416,-0.99998975,0.99998665,1
-0.99981827,0.9999988,0.99996287,0.99933755,0.9999427,0.999714,-1.0,0.9999969,-0.9996642,0.99999994,0.9999998,1.0,-0.9999999,0.99999994,-0.99999994,-0.9997907,0.9999986,-0.99999875,0.9999856,-0.99956036,-1.0,-1.0,-1.0,-0.99999994,0.99998266,-0.9936772,-0.99999267,-0.99999905,0.9999999,-0.9987157,1.0,0.9999763,0.9999999,0.99976295,-1.0,-0.9999944,0.9959908,-0.99998343,0.9999767,0
-0.9999991,1.0,0.9999999,0.9999933,0.9999998,0.9999981,-1.0,1.0,-0.9999975,1.0,1.0,1.0,-1.0,1.0,-1.0,-0.9999987,1.0,-1.0,1.0,-0.99999577,-1.0,-1.0,-1.0,-1.0,1.0,-0.99974704,-1.0,-1.0,1.0,-0.9999758,1.0,0.99999994,1.0,0.99999857,-1.0,-1.0,0.99988896,-1.0,0.99999994,1
-0.99997616,0.99999994,0.9999935,0.9998608,0.9999905,0.999952,-1.0,0.9999997,-0.9999412,1.0,1.0,1.0,-1.0,1.0,-1.0,-0.9999696,0.99999994,-0.9999999,0.9999979,-0.99990594,-1.0,-1.0,-1.0,-1.0,0.9999978,-0.99808997,-0.99999917,-0.99999994,1.0,-0.99953794,1.0,0.99999714,1.0,0.99994904,-1.0,-0.9999995,0.9989718,-0.9999983,0.99999774,0
-0.9981196,0.9999602,0.999574,0.99542993,0.9992843,0.99751705,-0.99999976,0.9999217,-0.99728245,0.99999714,0.99998885,0.99999946,-0.9999941,0.99999756,-0.9999973,-0.9978872,0.9999557,-0.99996287,0.99977356,-0.9966901,-1.0,-0.9999979,-0.999999,-0.9999975,0.9997186,-0.9745318,-0.9998636,-0.9999682,0.9999935,-0.9933252,0.9999997,0.99962175,0.99999446,0.9979002,-0.9999999,-0.9998804,0.9813132,-0.99971414,0.99958295,0
-0.81407374,0.95314544,0.89916354,0.7642247,0.88933784,0.80258507,-0.9912341,0.93415403,-0.7970359,0.9775988,0.96519756,0.9875749,-0.9732768,0.9793655,-0.98068595,-0.82537526,0.9468213,-0.9485941,0.920395,-0.79964316,-0.9962187,-0.9796669,-0.9840717,-0.98037565,0.9069636,-0.64164776,-0.92494434,-0.954785,0.97350067,-0.7438551,0.9903526,0.9010877,0.97523195,0.8277592,-0.99257857,-0.92793995,0.63972807,-0.9105967,0.8849748,1
-0.99994737,0.9999998,0.9999915,0.9997822,0.999983,0.99991816,-1.0,0.99999946,-0.99989974,1.0,1.0,1.0,-1.0,1.0,-1.0,-0.99992603,0.9999998,-0.9999998,0.99999666,-0.9998447,-1.0,-1.0,-1.0,-1.0,0.9999965,-0.99705625,-0.99999875,-0.9999999,1.0,-0.99950415,1.0,0.9999944,1.0,0.99992853,-1.0,-0.999999,0.99826527,-0.9999964,0.99999464,1
-0.9778232,0.9980515,0.9892361,0.958698,0.98836875,0.9711665,-0.9999023,0.9963887,-0.9687406,0.9996011,0.999094,0.99986726,-0.999259,0.9996027,-0.9996103,-0.97700095,0.99783725,-0.9975821,0.99318075,-0.9661707,-0.9999847,-0.99959946,-0.9997659,-0.99962306,0.99251676,-0.884408,-0.9950953,-0.9982248,0.9992971,-0.9387902,0.9998997,0.9918931,0.9994085,0.9736162,-0.99993503,-0.9955735,0.8992067,-0.9932523,0.9912226,1
-0.99999994,1.0,1.0,0.9999994,1.0,0.9999999,-1.0,1.0,-0.9999998,1.0,1.0,1.0,-1.0,1.0,-1.0,-0.99999994,1.0,-1.0,1.0,-0.99999964,-1.0,-1.0,-1.0,-1.0,1.0,-0.99995846,-1.0,-1.0,1.0,-0.9999974,1.0,1.0,1.0,0.9999999,-1.0,-1.0,0.99998236,-1.0,1.0,1
-0.98444754,0.999055,0.9948075,0.9711361,0.99305195,0.9812379,-0.99997234,0.99834657,-0.9798274,0.9998339,0.99958193,0.99994904,-0.9997327,0.9998508,-0.9998534,-0.983745,0.9988778,-0.9990295,0.9966856,-0.97781897,-0.999996,-0.9998666,-0.9999184,-0.99985397,0.9961716,-0.9126989,-0.9976066,-0.99916756,0.9997245,-0.9635756,0.99996704,0.995279,0.99975467,0.98444164,-0.99998164,-0.9978133,0.9277495,-0.99615645,0.99464875,0
-1.0,1.0,1.0,1.0,1.0,1.0,-1.0,1.0,-1.0,1.0,1.0,1.0,-1.0,1.0,-1.0,-1.0,1.0,-1.0,1.0,-1.0,-1.0,-1.0,-1.0,-1.0,1.0,-0.9999976,-1.0,-1.0,1.0,-0.9999999,1.0,1.0,1.0,1.0,-1.0,-1.0,0.9999993,-1.0,1.0,1
-1.0,1.0,1.0,1.0,1.0,1.0,-1.0,1.0,-1.0,1.0,1.0,1.0,-1.0,1.0,-1.0,-1.0,1.0,-1.0,1.0,-1.0,-1.0,-1.0,-1.0,-1.0,1.0,-0.99999785,-1.0,-1.0,1.0,-0.99999994,1.0,1.0,1.0,1.0,-1.0,-1.0,0.99999946,-1.0,1.0,0
-1.0,1.0,1.0,0.99999964,1.0,0.99999994,-1.0,1.0,-0.9999999,1.0,1.0,1.0,-1.0,1.0,-1.0,-0.99999994,1.0,-1.0,1.0,-0.99999976,-1.0,-1.0,-1.0,-1.0,1.0,-0.99996775,-1.0,-1.0,1.0,-0.9999979,1.0,1.0,1.0,0.99999994,-1.0,-1.0,0.99998856,-1.0,1.0,1
-0.9998481,0.9999992,0.9999751,0.9994728,0.99995655,0.9997814,-1.0,0.99999785,-0.99974734,1.0,0.9999999,1.0,-0.99999994,1.0,-1.0,-0.9998216,0.9999991,-0.9999992,0.9999898,-0.99964756,-1.0,-1.0,-1.0,-1.0,0.9999883,-0.9944549,-0.9999952,-0.99999934,0.99999994,-0.9989812,1.0,0.9999825,0.99999994,0.99981225,-1.0,-0.999996,0.99667543,-0.99998885,0.9999815,0
-1.0,1.0,1.0,1.0,1.0,1.0,-1.0,1.0,-1.0,1.0,1.0,1.0,-1.0,1.0,-1.0,-1.0,1.0,-1.0,1.0,-1.0,-1.0,-1.0,-1.0,-1.0,1.0,-1.0,-1.0,-1.0,1.0,-1.0,1.0,1.0,1.0,1.0,-1.0,-1.0,1.0,-1.0,1.0,1
-1.0,1.0,1.0,0.9999999,1.0,1.0,-1.0,1.0,-1.0,1.0,1.0,1.0,-1.0,1.0,-1.0,-1.0,1.0,-1.0,1.0,-0.99999994,-1.0,-1.0,-1.0,-1.0,1.0,-0.99998844,-1.0,-1.0,1.0,-0.9999992,1.0,1.0,1.0,1.0,-1.0,-1.0,0.99999654,-1.0,1.0,1
-1.0,1.0,1.0,0.99999964,1.0,0.99999994,-1.0,1.0,-0.9999999,1.0,1.0,1.0,-1.0,1.0,-1.0,-0.99999994,1.0,-1.0,1.0,-0.99999976,-1.0,-1.0,-1.0,-1.0,1.0,-0.9999702,-1.0,-1.0,1.0,-0.99999785,1.0,1.0,1.0,0.99999994,-1.0,-1.0,0.99998766,-1.0,1.0,1
-1.0,1.0,1.0,1.0,1.0,1.0,-1.0,1.0,-1.0,1.0,1.0,1.0,-1.0,1.0,-1.0,-1.0,1.0,-1.0,1.0,-1.0,-1.0,-1.0,-1.0,-1.0,1.0,-1.0,-1.0,-1.0,1.0,-1.0,1.0,1.0,1.0,1.0,-1.0,-1.0,1.0,-1.0,1.0,0
-0.999986,1.0,0.9999979,0.9999217,0.99999636,0.9999745,-1.0,0.9999999,-0.99996835,1.0,1.0,1.0,-1.0,1.0,-1.0,-0.99998224,1.0,-1.0,0.99999934,-0.9999515,-1.0,-1.0,-1.0,-1.0,0.9999992,-0.9985911,-0.99999976,-1.0,1.0,-0.99980664,1.0,0.9999988,1.0,0.99997777,-1.0,-0.9999998,0.9993009,-0.9999993,0.9999989,1
-0.9998659,0.99999917,0.99996346,0.99945873,0.9999475,0.99978846,-1.0,0.9999975,-0.999733,1.0,0.9999999,1.0,-0.9999999,1.0,-0.99999994,-0.99984396,0.99999905,-0.9999989,0.99998695,-0.99964607,-1.0,-1.0,-1.0,-1.0,0.9999855,-0.99496216,-0.9999936,-0.99999934,0.9999999,-0.99861884,1.0,0.99998146,0.99999994,0.9997837,-1.0,-0.999996,0.99663883,-0.9999873,0.9999836,0
-0.44895777,0.71575546,0.6349687,0.44610152,0.6206683,0.45654747,-0.86585426,0.6499938,-0.44534782,0.77480155,0.72083676,0.8263603,-0.7772903,0.78829926,-0.81192887,-0.48830754,0.67726123,-0.69727296,0.6612707,-0.49150935,-0.89420754,-0.78478867,-0.8052878,-0.80257404,0.6270267,-0.35063905,-0.6587334,-0.7132963,0.77302176,-0.45638767,0.8482762,0.61365926,0.7773811,0.52551484,-0.87213546,-0.64451706,0.30920014,-0.62610954,0.5511106,1
-0.99945545,0.9999941,0.9998858,0.9983599,0.99981785,0.99923944,-1.0,0.99998575,-0.99911374,0.9999997,0.99999875,0.99999994,-0.9999993,0.99999976,-0.9999997,-0.999362,0.99999315,-0.9999941,0.9999469,-0.9988322,-1.0,-0.9999998,-0.99999994,-0.9999997,0.9999403,-0.98790574,-0.9999728,-0.9999952,0.9999993,-0.99711204,1.0,0.9999171,0.99999934,0.9993573,-1.0,-0.9999766,0.99205816,-0.99994016,0.9999107,1
-0.9995975,0.9999959,0.99990827,0.9986349,0.9998621,0.99938637,-1.0,0.9999899,-0.99930406,0.9999998,0.99999917,1.0,-0.9999995,0.9999998,-0.9999998,-0.99952936,0.99999547,-0.9999956,0.99995935,-0.9990925,-1.0,-0.9999999,-0.99999994,-0.9999998,0.9999534,-0.98887986,-0.9999791,-0.99999666,0.9999995,-0.99748504,1.0,0.9999385,0.9999996,0.99949014,-1.0,-0.99998343,0.99327976,-0.9999565,0.9999341,1
-0.9984729,0.999973,0.99961334,0.9960318,0.99940264,0.99792975,-0.9999998,0.99993855,-0.99766254,0.9999979,0.9999923,0.99999964,-0.9999954,0.99999815,-0.99999803,-0.99824375,0.9999662,-0.9999712,0.9997998,-0.99700326,-1.0,-0.9999984,-0.9999993,-0.99999803,0.9997849,-0.9778528,-0.9998857,-0.99997646,0.99999535,-0.9936899,0.99999976,0.9997002,0.999996,0.99827445,-0.9999999,-0.9999063,0.9842558,-0.9997928,0.9996867,1
-0.90406036,0.9842639,0.9556969,0.86775774,0.9470558,0.8949571,-0.9982862,0.9767708,-0.8912525,0.9942675,0.98973,0.99731225,-0.9927329,0.99476355,-0.99505097,-0.90703905,0.9815182,-0.98341894,0.9673593,-0.88612145,-0.9994538,-0.99508834,-0.9964119,-0.99498785,0.96171725,-0.75615096,-0.97137976,-0.98535925,0.9926758,-0.8531175,0.99802274,0.9559104,0.993194,0.9107801,-0.99863666,-0.97280306,0.76230156,-0.9628093,0.9494861,1
-1.0,1.0,1.0,0.99999994,1.0,1.0,-1.0,1.0,-1.0,1.0,1.0,1.0,-1.0,1.0,-1.0,-1.0,1.0,-1.0,1.0,-0.99999994,-1.0,-1.0,-1.0,-1.0,1.0,-0.99999225,-1.0,-1.0,1.0,-0.99999964,1.0,1.0,1.0,1.0,-1.0,-1.0,0.9999977,-1.0,1.0,1
-0.999998,1.0,0.9999997,0.99998486,0.9999995,0.999996,-1.0,1.0,-0.9999951,1.0,1.0,1.0,-1.0,1.0,-1.0,-0.9999973,1.0,-1.0,0.99999994,-0.9999907,-1.0,-1.0,-1.0,-1.0,0.99999994,-0.9996025,-1.0,-1.0,1.0,-0.9999433,1.0,0.9999999,1.0,0.99999607,-1.0,-1.0,0.9998111,-0.99999994,0.9999999,1
-0.99999994,1.0,1.0,0.9999995,1.0,0.9999999,-1.0,1.0,-0.9999999,1.0,1.0,1.0,-1.0,1.0,-1.0,-0.99999994,1.0,-1.0,1.0,-0.9999997,-1.0,-1.0,-1.0,-1.0,1.0,-0.99996024,-1.0,-1.0,1.0,-0.9999978,1.0,1.0,1.0,0.99999994,-1.0,-1.0,0.9999869,-1.0,1.0,0
-0.998305,0.9999638,0.9995348,0.99567837,0.99930555,0.9976813,-0.99999976,0.9999205,-0.99731,0.9999973,0.99999005,0.99999946,-0.9999937,0.99999744,-0.99999744,-0.99803084,0.99995863,-0.9999605,0.99975544,-0.9968555,-1.0,-0.9999978,-0.999999,-0.99999744,0.99972266,-0.97523284,-0.9998576,-0.99996835,0.99999374,-0.9929166,0.9999997,0.9996414,0.9999944,0.997864,-0.9999999,-0.99987924,0.9818518,-0.9997413,0.9996275,1
-1.0,1.0,1.0,0.9999999,1.0,1.0,-1.0,1.0,-1.0,1.0,1.0,1.0,-1.0,1.0,-1.0,-1.0,1.0,-1.0,1.0,-0.99999994,-1.0,-1.0,-1.0,-1.0,1.0,-0.99998754,-1.0,-1.0,1.0,-0.9999994,1.0,1.0,1.0,1.0,-1.0,-1.0,0.99999607,-1.0,1.0,1
-0.9989275,0.9999852,0.9997799,0.9972992,0.99963784,0.998613,-0.99999994,0.9999675,-0.9984239,0.99999905,0.99999624,0.9999998,-0.999998,0.9999992,-0.99999917,-0.9988381,0.99998224,-0.9999852,0.9998837,-0.9980663,-1.0,-0.99999934,-0.9999997,-0.9999992,0.9998715,-0.9822674,-0.9999374,-0.9999863,0.99999774,-0.99573886,0.99999994,0.9998173,0.99999815,0.99887264,-0.99999994,-0.9999465,0.9871827,-0.9998691,0.99981344,1
-0.99706167,0.9999227,0.99912244,0.9929095,0.9987802,0.99625707,-0.99999917,0.9998245,-0.9956318,0.9999925,0.9999749,0.9999984,-0.9999837,0.99999267,-0.999993,-0.996795,0.9999082,-0.9999098,0.9995155,-0.9948601,-0.99999994,-0.9999941,-0.9999969,-0.9999926,0.9994702,-0.9660627,-0.99970424,-0.9999284,0.99998355,-0.98848534,0.99999905,0.9993412,0.9999865,0.996487,-0.9999995,-0.9997498,0.9756663,-0.9995241,0.99926746,1
-0.9999997,1.0,0.99999994,0.99999714,0.99999994,0.99999934,-1.0,1.0,-0.99999905,1.0,1.0,1.0,-1.0,1.0,-1.0,-0.9999995,1.0,-1.0,1.0,-0.9999982,-1.0,-1.0,-1.0,-1.0,1.0,-0.999865,-1.0,-1.0,1.0,-0.9999851,1.0,1.0,1.0,0.9999993,-1.0,-1.0,0.999943,-1.0,1.0,0
-0.91950023,0.9889336,0.9700938,0.89254206,0.9615727,0.9152642,-0.9990915,0.9833199,-0.91072357,0.99644554,0.9929452,0.9984056,-0.995744,0.9968625,-0.9971216,-0.92114854,0.986748,-0.9893945,0.97630197,-0.9116275,-0.99971056,-0.9971349,-0.9979417,-0.9969646,0.97304803,-0.77518266,-0.98067313,-0.9896752,0.9954625,-0.8893641,0.9988833,0.96742195,0.9955575,0.93216646,-0.99930364,-0.9800521,0.7872077,-0.9728296,0.9614544,1
-0.9999992,1.0,0.99999994,0.9999942,0.9999998,0.99999845,-1.0,1.0,-0.999998,1.0,1.0,1.0,-1.0,1.0,-1.0,-0.99999887,1.0,-1.0,1.0,-0.99999666,-1.0,-1.0,-1.0,-1.0,1.0,-0.99975765,-1.0,-1.0,1.0,-0.99998146,1.0,0.99999994,1.0,0.9999987,-1.0,-1.0,0.99989796,-1.0,1.0,1
-0.999999,1.0,0.9999999,0.99999166,0.9999997,0.9999978,-1.0,1.0,-0.99999714,1.0,1.0,1.0,-1.0,1.0,-1.0,-0.99999857,1.0,-1.0,0.99999994,-0.99999493,-1.0,-1.0,-1.0,-1.0,0.99999994,-0.99972457,-1.0,-1.0,1.0,-0.99996597,1.0,0.99999994,1.0,0.99999774,-1.0,-1.0,0.99985975,-0.99999994,0.99999994,1
-0.99999005,1.0,0.99999857,0.9999453,0.9999975,0.9999811,-1.0,0.99999994,-0.9999777,1.0,1.0,1.0,-1.0,1.0,-1.0,-0.9999869,1.0,-1.0,0.9999996,-0.99996406,-1.0,-1.0,-1.0,-1.0,0.99999946,-0.99884856,-0.9999998,-1.0,1.0,-0.999851,1.0,0.9999992,1.0,0.9999851,-1.0,-0.9999999,0.99940723,-0.9999995,0.9999993,1
-1.0,1.0,1.0,1.0,1.0,1.0,-1.0,1.0,-1.0,1.0,1.0,1.0,-1.0,1.0,-1.0,-1.0,1.0,-1.0,1.0,-1.0,-1.0,-1.0,-1.0,-1.0,1.0,-1.0,-1.0,-1.0,1.0,-1.0,1.0,1.0,1.0,1.0,-1.0,-1.0,1.0,-1.0,1.0,1
-0.9999872,1.0,0.9999974,0.9999249,0.99999595,0.999975,-1.0,0.9999999,-0.99996805,1.0,1.0,1.0,-1.0,1.0,-1.0,-0.999984,1.0,-0.99999994,0.9999992,-0.9999527,-1.0,-1.0,-1.0,-1.0,0.99999917,-0.99869126,-0.9999997,-1.0,1.0,-0.99977136,1.0,0.99999875,1.0,0.9999772,-1.0,-0.9999998,0.9993199,-0.9999993,0.99999905,1
-1.0,1.0,1.0,0.99999964,1.0,0.99999994,-1.0,1.0,-0.99999994,1.0,1.0,1.0,-1.0,1.0,-1.0,-0.99999994,1.0,-1.0,1.0,-0.9999998,-1.0,-1.0,-1.0,-1.0,1.0,-0.9999704,-1.0,-1.0,1.0,-0.9999984,1.0,1.0,1.0,0.99999994,-1.0,-1.0,0.9999899,-1.0,1.0,1
-0.99789155,0.9999506,0.99933696,0.99454516,0.9990978,0.9971399,-0.9999995,0.99988985,-0.9967447,0.99999595,0.999986,0.99999917,-0.9999902,0.99999595,-0.9999958,-0.9977534,0.9999423,-0.99994314,0.99967635,-0.9959555,-1.0,-0.9999964,-0.9999984,-0.9999959,0.99962056,-0.97249025,-0.9997987,-0.99995744,0.99999064,-0.9907324,0.9999995,0.99954754,0.9999922,0.99734575,-0.99999976,-0.9998417,0.9802357,-0.99967366,0.99953777,1
-1.0,1.0,1.0,1.0,1.0,1.0,-1.0,1.0,-1.0,1.0,1.0,1.0,-1.0,1.0,-1.0,-1.0,1.0,-1.0,1.0,-1.0,-1.0,-1.0,-1.0,-1.0,1.0,-0.9999991,-1.0,-1.0,1.0,-0.99999994,1.0,1.0,1.0,1.0,-1.0,-1.0,0.99999976,-1.0,1.0,1
-0.99960494,0.99999714,0.9999406,0.9988789,0.9998974,0.99944735,-1.0,0.99999243,-0.99937284,0.9999999,0.9999994,1.0,-0.9999997,0.9999999,-0.9999999,-0.9995278,0.9999963,-0.9999973,0.9999705,-0.9992271,-1.0,-0.99999994,-0.99999994,-0.9999999,0.999968,-0.99036056,-0.99998623,-0.99999744,0.9999997,-0.9981773,1.0,0.9999483,0.9999997,0.99961525,-1.0,-0.99998677,0.9936202,-0.99996865,0.99994475,1
-0.9971278,0.99991935,0.9991151,0.9928703,0.9987781,0.9961563,-0.9999991,0.99983567,-0.99551004,0.99999255,0.9999752,0.9999984,-0.9999839,0.99999255,-0.9999928,-0.99697065,0.9999084,-0.999911,0.99951977,-0.99489194,-0.99999994,-0.999994,-0.99999696,-0.9999928,0.9994634,-0.96602756,-0.999702,-0.999932,0.99998397,-0.9891587,0.99999905,0.99934804,0.99998647,0.99657434,-0.9999995,-0.99975353,0.9756224,-0.99950135,0.9992877,1
-0.999841,0.999999,0.99996316,0.999408,0.9999474,0.9997429,-1.0,0.9999971,-0.99968785,0.99999994,0.9999998,1.0,-0.9999999,0.99999994,-0.99999994,-0.99980587,0.99999887,-0.99999887,0.99998546,-0.9995993,-1.0,-1.0,-1.0,-0.99999994,0.9999846,-0.9941128,-0.99999344,-0.99999917,0.9999999,-0.99865514,1.0,0.9999776,0.99999994,0.99978644,-1.0,-0.9999949,0.99609625,-0.99998546,0.9999804,0
-0.9974209,0.99993217,0.99918944,0.9935661,0.9988882,0.9963428,-0.9999993,0.99984646,-0.99571663,0.99999356,0.9999795,0.99999875,-0.99998546,0.99999386,-0.99999386,-0.9970409,0.9999225,-0.99991786,0.9995611,-0.995153,-0.99999994,-0.9999946,-0.99999744,-0.99999386,0.99952185,-0.9677631,-0.99974006,-0.99993926,0.9999863,-0.98902345,0.99999917,0.99938124,0.9999878,0.9968199,-0.9999996,-0.9997811,0.9764825,-0.99955976,0.99936265,1
-0.999028,0.99998385,0.9996791,0.99717283,0.9995755,0.9985727,-0.9999999,0.9999602,-0.99828357,0.99999887,0.9999962,0.9999998,-0.999997,0.9999989,-0.9999988,-0.9988799,0.9999813,-0.99997956,0.9998563,-0.9977842,-1.0,-0.999999,-0.9999996,-0.9999989,0.9998443,-0.9830295,-0.9999198,-0.9999863,0.9999972,-0.9941249,0.9999999,0.99979395,0.9999977,0.998653,-0.99999994,-0.99994105,0.9874691,-0.9998567,0.9998128,0
-0.9991677,0.99998856,0.99982613,0.9975365,0.99973243,0.9987789,-0.99999994,0.99997395,-0.99867576,0.99999934,0.9999973,0.9999999,-0.9999985,0.99999946,-0.9999994,-0.99902207,0.99998647,-0.9999892,0.99991405,-0.99829274,-1.0,-0.9999995,-0.9999998,-0.9999994,0.9999013,-0.9835741,-0.9999539,-0.99999106,0.99999857,-0.99627763,0.99999994,0.9998596,0.9999987,0.9990466,-1.0,-0.9999572,0.98926973,-0.9999016,0.9998366,1
-0.96773684,0.99751115,0.99016744,0.9505457,0.9868896,0.9645518,-0.9998946,0.9960181,-0.96348995,0.99942887,0.9987212,0.9997986,-0.9992354,0.9995141,-0.99953824,-0.9692622,0.9970021,-0.99765885,0.99313277,-0.9611566,-0.999979,-0.9995804,-0.9997226,-0.9995235,0.9919368,-0.870733,-0.9947194,-0.9977133,0.9991893,-0.94501275,0.9998717,0.9896683,0.99925196,0.972851,-0.99992555,-0.99469376,0.879625,-0.99177974,0.9877157,1
-0.96585447,0.9963506,0.9832772,0.9408311,0.9811989,0.95920336,-0.9997631,0.99380857,-0.9554243,0.9991283,0.9981424,0.9996562,-0.9985273,0.9991251,-0.9991323,-0.9657159,0.9959426,-0.99572957,0.9890639,-0.9522113,-0.99995655,-0.99914235,-0.9994673,-0.9991682,0.98794913,-0.8585025,-0.9913132,-0.99674624,0.99860924,-0.91855216,0.9997522,0.9866159,0.9987732,0.9618426,-0.99983054,-0.99242836,0.8705677,-0.9884916,0.98543763,0
-0.41050917,0.67063004,0.59785366,0.4026476,0.5735318,0.4243346,-0.83254635,0.61024356,-0.41454402,0.73009557,0.67035806,0.7862029,-0.7372041,0.7498848,-0.7690788,-0.45262015,0.63090944,-0.6514326,0.6222889,-0.45224288,-0.8620558,-0.7428119,-0.7603131,-0.7643299,0.5806692,-0.33436397,-0.6151747,-0.67516744,0.7324871,-0.42079908,0.8145139,0.5650269,0.73894304,0.4794526,-0.83826095,-0.60813284,0.27760488,-0.58444864,0.5000035,1
-0.9999998,1.0,1.0,0.9999982,0.99999994,0.99999964,-1.0,1.0,-0.99999946,1.0,1.0,1.0,-1.0,1.0,-1.0,-0.9999997,1.0,-1.0,1.0,-0.99999887,-1.0,-1.0,-1.0,-1.0,1.0,-0.99990815,-1.0,-1.0,1.0,-0.999992,1.0,1.0,1.0,0.99999964,-1.0,-1.0,0.9999659,-1.0,1.0,1
-1.0,1.0,1.0,1.0,1.0,1.0,-1.0,1.0,-1.0,1.0,1.0,1.0,-1.0,1.0,-1.0,-1.0,1.0,-1.0,1.0,-1.0,-1.0,-1.0,-1.0,-1.0,1.0,-0.99999815,-1.0,-1.0,1.0,-0.99999994,1.0,1.0,1.0,1.0,-1.0,-1.0,0.9999995,-1.0,1.0,1
-0.9999996,1.0,0.99999994,0.9999963,0.9999999,0.99999917,-1.0,1.0,-0.9999988,1.0,1.0,1.0,-1.0,1.0,-1.0,-0.9999994,1.0,-1.0,1.0,-0.9999978,-1.0,-1.0,-1.0,-1.0,1.0,-0.9998489,-1.0,-1.0,1.0,-0.99998194,1.0,1.0,1.0,0.99999905,-1.0,-1.0,0.99992925,-1.0,1.0,1
-0.99933815,0.99998945,0.9997807,0.99778336,0.9996876,0.9989788,-0.99999994,0.9999748,-0.99878055,0.9999994,0.9999977,0.9999999,-0.9999982,0.9999994,-0.99999934,-0.99921376,0.9999888,-0.9999873,0.999899,-0.9984003,-1.0,-0.99999946,-0.99999976,-0.9999994,0.99989057,-0.9861328,-0.99994606,-0.99999166,0.99999845,-0.9952567,0.99999994,0.99986655,0.99999875,0.9989381,-1.0,-0.99996096,0.99017143,-0.99990594,0.9998714,1
-0.9999999,1.0,1.0,0.9999987,1.0,0.9999997,-1.0,1.0,-0.9999996,1.0,1.0,1.0,-1.0,1.0,-1.0,-0.9999998,1.0,-1.0,1.0,-0.9999992,-1.0,-1.0,-1.0,-1.0,1.0,-0.9999293,-1.0,-1.0,1.0,-0.99999326,1.0,1.0,1.0,0.9999997,-1.0,-1.0,0.9999704,-1.0,1.0,0
-0.9990764,0.9999863,0.9997502,0.9973977,0.99965507,0.99864894,-0.99999994,0.99996793,-0.99842,0.9999991,0.9999968,0.9999999,-0.9999978,0.99999917,-0.99999917,-0.99895245,0.9999841,-0.9999848,0.9998821,-0.9980304,-1.0,-0.9999993,-0.9999997,-0.99999917,0.99987173,-0.98334914,-0.9999364,-0.99998844,0.99999785,-0.99525666,0.99999994,0.9998245,0.99999815,0.9988963,-0.99999994,-0.99994916,0.98798436,-0.99987394,0.9998337,1
-0.9851224,0.9990475,0.9936831,0.9712334,0.992454,0.9816316,-0.9999633,0.9981748,-0.97903913,0.9998212,0.999585,0.99994636,-0.9996805,0.9998304,-0.9998262,-0.9849663,0.9988804,-0.99879616,0.99617964,-0.9776433,-0.9999953,-0.9998269,-0.99990565,-0.99983495,0.9957775,-0.9153912,-0.9972072,-0.9991243,0.99968016,-0.9570196,0.9999618,0.995112,0.9997312,0.98309237,-0.9999762,-0.99770397,0.9276405,-0.99600136,0.99480623,1
-0.9999938,1.0,0.999999,0.9999627,0.9999982,0.9999888,-1.0,0.99999994,-0.99998504,1.0,1.0,1.0,-1.0,1.0,-1.0,-0.9999919,1.0,-1.0,0.9999997,-0.9999774,-1.0,-1.0,-1.0,-1.0,0.9999997,-0.9992279,-0.9999999,-1.0,1.0,-0.99987197,1.0,0.9999995,1.0,0.99998844,-1.0,-0.99999994,0.9995914,-0.9999997,0.99999964,0
-1.0,1.0,1.0,0.99999994,1.0,1.0,-1.0,1.0,-1.0,1.0,1.0,1.0,-1.0,1.0,-1.0,-1.0,1.0,-1.0,1.0,-0.99999994,-1.0,-1.0,-1.0,-1.0,1.0,-0.99999046,-1.0,-1.0,1.0,-0.9999996,1.0,1.0,1.0,1.0,-1.0,-1.0,0.9999972,-1.0,1.0,1
-0.99980086,0.99999857,0.99994564,0.9992608,0.9999284,0.99968475,-1.0,0.9999956,-0.99962026,0.99999994,0.99999976,1.0,-0.9999998,0.99999994,-0.99999994,-0.9997721,0.99999845,-0.99999815,0.99998146,-0.9994635,-1.0,-0.99999994,-1.0,-0.99999994,0.99997747,-0.99344826,-0.9999902,-0.9999988,0.9999998,-0.99825376,1.0,0.9999699,0.9999999,0.99970317,-1.0,-0.9999931,0.99553293,-0.9999805,0.9999736,1
-0.99996126,0.9999999,0.999994,0.99982893,0.9999885,0.999934,-1.0,0.99999964,-0.9999203,1.0,1.0,1.0,-1.0,1.0,-1.0,-0.99994785,0.9999999,-0.9999999,0.99999785,-0.9998822,-1.0,-1.0,-1.0,-1.0,0.9999975,-0.9973683,-0.9999991,-0.99999994,1.0,-0.9996312,1.0,0.99999624,1.0,0.9999444,-1.0,-0.9999993,0.9986063,-0.99999756,0.9999962,1
-1.0,1.0,1.0,1.0,1.0,1.0,-1.0,1.0,-1.0,1.0,1.0,1.0,-1.0,1.0,-1.0,-1.0,1.0,-1.0,1.0,-1.0,-1.0,-1.0,-1.0,-1.0,1.0,-1.0,-1.0,-1.0,1.0,-1.0,1.0,1.0,1.0,1.0,-1.0,-1.0,1.0,-1.0,1.0,1
-1.0,1.0,1.0,0.9999998,1.0,1.0,-1.0,1.0,-0.99999994,1.0,1.0,1.0,-1.0,1.0,-1.0,-1.0,1.0,-1.0,1.0,-0.99999994,-1.0,-1.0,-1.0,-1.0,1.0,-0.99998295,-1.0,-1.0,1.0,-0.9999991,1.0,1.0,1.0,1.0,-1.0,-1.0,0.99999464,-1.0,1.0,1
-0.9833475,0.99880165,0.9924567,0.9685312,0.99114525,0.9794598,-0.9999483,0.99774843,-0.97621524,0.99977386,0.99948466,0.9999273,-0.99958676,0.99977577,-0.9997772,-0.98290986,0.99862874,-0.99851227,0.995354,-0.9760322,-0.99999315,-0.99977696,-0.9998749,-0.99978095,0.9948502,-0.90419,-0.99661016,-0.99887145,0.9995986,-0.95218915,0.99994755,0.9942373,0.9996444,0.98049986,-0.99996614,-0.99720275,0.9163744,-0.9953001,0.994096,1
-0.99999535,1.0,0.9999995,0.999974,0.999999,0.9999919,-1.0,1.0,-0.9999893,1.0,1.0,1.0,-1.0,1.0,-1.0,-0.9999938,1.0,-1.0,0.9999999,-0.9999839,-1.0,-1.0,-1.0,-1.0,0.9999998,-0.99934024,-0.99999994,-1.0,1.0,-0.99993205,1.0,0.9999997,1.0,0.9999937,-1.0,-0.99999994,0.9996838,-0.9999998,0.99999976,1
-1.0,1.0,1.0,1.0,1.0,1.0,-1.0,1.0,-1.0,1.0,1.0,1.0,-1.0,1.0,-1.0,-1.0,1.0,-1.0,1.0,-1.0,-1.0,-1.0,-1.0,-1.0,1.0,-1.0,-1.0,-1.0,1.0,-1.0,1.0,1.0,1.0,1.0,-1.0,-1.0,1.0,-1.0,1.0,1
-0.9999605,0.9999998,0.9999891,0.9997864,0.9999845,0.99992347,-1.0,0.99999946,-0.9999081,1.0,1.0,1.0,-1.0,1.0,-1.0,-0.99994814,0.9999998,-0.99999976,0.9999963,-0.99985445,-1.0,-1.0,-1.0,-1.0,0.9999962,-0.9974109,-0.9999985,-0.9999999,1.0,-0.99938625,1.0,0.9999947,1.0,0.9999186,-1.0,-0.99999905,0.99844325,-0.999997,0.9999957,1
-0.8803433,0.9761745,0.9388175,0.8351575,0.92957616,0.86769783,-0.9965424,0.9650838,-0.8632211,0.9903359,0.98376703,0.995271,-0.9877744,0.9909751,-0.99161166,-0.88146603,0.9713307,-0.9734502,0.9499562,-0.863259,-0.99884295,-0.9912706,-0.9935735,-0.9914303,0.944967,-0.72004145,-0.9583666,-0.9774967,0.9877161,-0.81144357,0.9963792,0.9395757,0.9890913,0.8844882,-0.9973268,-0.9606467,0.7172674,-0.9495192,0.9306916,0
-1.0,1.0,1.0,0.99999976,1.0,0.99999994,-1.0,1.0,-0.99999994,1.0,1.0,1.0,-1.0,1.0,-1.0,-1.0,1.0,-1.0,1.0,-0.9999999,-1.0,-1.0,-1.0,-1.0,1.0,-0.99998033,-1.0,-1.0,1.0,-0.99999815,1.0,1.0,1.0,0.99999994,-1.0,-1.0,0.99999297,-1.0,1.0,1
-0.97612256,0.99803394,0.991017,0.957997,0.9886769,0.97147816,-0.9999199,0.99661005,-0.9695965,0.999603,0.99906427,0.99986774,-0.99936986,0.9996348,-0.9996548,-0.9746361,0.99772686,-0.99796164,0.9937125,-0.9674052,-0.9999856,-0.999669,-0.9997922,-0.9996393,0.9931403,-0.8845262,-0.995583,-0.99819714,0.99936223,-0.9475567,0.9999078,0.99183965,0.9994336,0.9752251,-0.9999465,-0.99567187,0.8973211,-0.9935731,0.99075097,1
-0.9998443,0.9999991,0.9999641,0.9994425,0.99994826,0.999759,-1.0,0.99999714,-0.99971855,1.0,0.9999999,1.0,-0.9999999,1.0,-0.99999994,-0.9998054,0.99999887,-0.99999887,0.9999863,-0.99957573,-1.0,-1.0,-1.0,-0.99999994,0.9999856,-0.9943034,-0.9999938,-0.9999992,0.9999999,-0.99865824,1.0,0.99997956,0.99999994,0.999785,-1.0,-0.9999952,0.9962664,-0.9999862,0.9999816,1
-0.9999996,1.0,0.99999994,0.9999962,0.99999994,0.99999905,-1.0,1.0,-0.9999988,1.0,1.0,1.0,-1.0,1.0,-1.0,-0.99999934,1.0,-1.0,1.0,-0.9999977,-1.0,-1.0,-1.0,-1.0,1.0,-0.9998387,-1.0,-1.0,1.0,-0.9999847,1.0,1.0,1.0,0.99999917,-1.0,-1.0,0.99992836,-1.0,1.0,1
-0.70324385,0.90581024,0.842463,0.671023,0.8196813,0.702782,-0.97501034,0.87740433,-0.68961036,0.94359064,0.92011726,0.96496946,-0.94238955,0.9486906,-0.9530102,-0.7232512,0.88811654,-0.89858884,0.8582481,-0.71575016,-0.9865202,-0.9500054,-0.9579181,-0.95261496,0.84203786,-0.5394955,-0.8658266,-0.90727186,0.93948334,-0.6736184,0.9723106,0.82821625,0.9412823,0.74626786,-0.9779468,-0.8663825,0.5269055,-0.8402266,0.7959071,1
-0.7213001,0.9096659,0.8423496,0.6781341,0.8287645,0.7084751,-0.9767812,0.8774956,-0.70311105,0.94790363,0.9241095,0.9678846,-0.94207746,0.9510438,-0.9568891,-0.73833317,0.8978262,-0.9005379,0.8639037,-0.71338993,-0.9878299,-0.9530919,-0.96036905,-0.9547423,0.84319186,-0.548325,-0.8690258,-0.91103536,0.9429723,-0.66120607,0.9743923,0.8364986,0.94518983,0.751314,-0.97981846,-0.8682621,0.5418159,-0.8531874,0.80333424,1
-0.999995,1.0,0.9999992,0.9999656,0.99999857,0.9999902,-1.0,1.0,-0.9999876,1.0,1.0,1.0,-1.0,1.0,-1.0,-0.9999932,1.0,-1.0,0.99999976,-0.9999799,-1.0,-1.0,-1.0,-1.0,0.99999976,-0.9992131,-0.99999994,-1.0,1.0,-0.9998984,1.0,0.99999964,1.0,0.9999898,-1.0,-0.99999994,0.9996519,-0.9999998,0.99999964,1
-0.9950424,0.9998551,0.99885994,0.98988557,0.9982988,0.9939083,-0.9999984,0.9997185,-0.9935653,0.9999845,0.99995124,0.9999963,-0.9999729,0.99998647,-0.9999865,-0.99496025,0.9998232,-0.99986035,0.9993563,-0.99263096,-0.9999998,-0.99998873,-0.99999404,-0.9999862,0.9991799,-0.9545494,-0.99955845,-0.9998694,0.9999707,-0.98749334,0.9999979,0.99888957,0.9999722,0.99527043,-0.99999905,-0.9995943,0.9657689,-0.9991591,0.9987458,1
-0.99999994,1.0,1.0,0.9999996,1.0,0.99999994,-1.0,1.0,-0.9999999,1.0,1.0,1.0,-1.0,1.0,-1.0,-0.99999994,1.0,-1.0,1.0,-0.99999976,-1.0,-1.0,-1.0,-1.0,1.0,-0.999967,-1.0,-1.0,1.0,-0.9999971,1.0,1.0,1.0,0.99999994,-1.0,-1.0,0.9999876,-1.0,1.0,0
-0.27852568,0.4671118,0.37972158,0.25713253,0.39604896,0.26971725,-0.5895252,0.3809186,-0.23981997,0.49508125,0.4506715,0.5654973,-0.49199283,0.50267935,-0.541104,-0.3114846,0.42809513,-0.38840133,0.40445113,-0.31071252,-0.6373392,-0.4695298,-0.4992721,-0.5336311,0.3707137,-0.22868094,-0.3873192,-0.4710184,0.502986,-0.23111424,0.58708614,0.38951614,0.51474905,0.29528785,-0.59878683,-0.39537382,0.1676778,-0.3991464,0.31799278,1
-1.0,1.0,1.0,0.99999994,1.0,1.0,-1.0,1.0,-1.0,1.0,1.0,1.0,-1.0,1.0,-1.0,-1.0,1.0,-1.0,1.0,-1.0,-1.0,-1.0,-1.0,-1.0,1.0,-0.99999344,-1.0,-1.0,1.0,-0.9999996,1.0,1.0,1.0,1.0,-1.0,-1.0,0.9999979,-1.0,1.0,1
-1.0,1.0,1.0,1.0,1.0,1.0,-1.0,1.0,-1.0,1.0,1.0,1.0,-1.0,1.0,-1.0,-1.0,1.0,-1.0,1.0,-1.0,-1.0,-1.0,-1.0,-1.0,1.0,-0.99999994,-1.0,-1.0,1.0,-1.0,1.0,1.0,1.0,1.0,-1.0,-1.0,1.0,-1.0,1.0,0
-0.9999991,1.0,0.9999998,0.99999297,0.99999976,0.99999815,-1.0,1.0,-0.9999974,1.0,1.0,1.0,-1.0,1.0,-1.0,-0.9999988,1.0,-1.0,0.99999994,-0.9999952,-1.0,-1.0,-1.0,-1.0,0.99999994,-0.9997576,-1.0,-1.0,1.0,-0.9999655,1.0,0.99999994,1.0,0.99999803,-1.0,-1.0,0.9998857,-1.0,0.99999994,0
-0.99999994,1.0,1.0,0.99999917,1.0,0.9999998,-1.0,1.0,-0.9999998,1.0,1.0,1.0,-1.0,1.0,-1.0,-0.9999999,1.0,-1.0,1.0,-0.9999995,-1.0,-1.0,-1.0,-1.0,1.0,-0.9999495,-1.0,-1.0,1.0,-0.9999953,1.0,1.0,1.0,0.9999998,-1.0,-1.0,0.99998003,-1.0,1.0,1
-0.99984366,0.999999,0.9999684,0.9993995,0.9999453,0.9997464,-1.0,0.99999744,-0.9997029,1.0,0.9999998,1.0,-0.9999999,1.0,-1.0,-0.9998134,0.99999887,-0.9999989,0.99998665,-0.9995854,-1.0,-1.0,-1.0,-1.0,0.9999851,-0.99397755,-0.99999386,-0.9999993,0.9999999,-0.99882364,1.0,0.9999796,0.99999994,0.9997845,-1.0,-0.99999547,0.9966266,-0.99998564,0.99998,0
-0.9999999,1.0,1.0,0.9999988,1.0,0.99999976,-1.0,1.0,-0.99999964,1.0,1.0,1.0,-1.0,1.0,-1.0,-0.9999998,1.0,-1.0,1.0,-0.99999934,-1.0,-1.0,-1.0,-1.0,1.0,-0.9999221,-1.0,-1.0,1.0,-0.99999547,1.0,1.0,1.0,0.9999998,-1.0,-1.0,0.9999724,-1.0,1.0,0
-1.0,1.0,1.0,0.99999976,1.0,0.99999994,-1.0,1.0,-0.99999994,1.0,1.0,1.0,-1.0,1.0,-1.0,-0.99999994,1.0,-1.0,1.0,-0.9999998,-1.0,-1.0,-1.0,-1.0,1.0,-0.9999734,-1.0,-1.0,1.0,-0.9999988,1.0,1.0,1.0,0.99999994,-1.0,-1.0,0.9999909,-1.0,1.0,1
-0.9991328,0.9999872,0.9997821,0.9975558,0.9996707,0.9987215,-0.99999994,0.9999708,-0.99853075,0.9999992,0.999997,0.9999999,-0.9999981,0.9999992,-0.9999992,-0.9989754,0.9999849,-0.99998593,0.9998937,-0.99815136,-1.0,-0.9999994,-0.99999976,-0.9999993,0.99988085,-0.9832727,-0.99994206,-0.9999896,0.99999815,-0.9956673,0.99999994,0.9998462,0.99999833,0.99894685,-1.0,-0.9999522,0.9889428,-0.99988514,0.9998429,1
-0.9607904,0.99605376,0.98339885,0.9381572,0.9799393,0.95617676,-0.99975306,0.99325436,-0.9506268,0.99897325,0.9979124,0.9996065,-0.9984837,0.9990131,-0.9991117,-0.96052676,0.9954663,-0.9956188,0.9889119,-0.94903755,-0.9999497,-0.99910915,-0.999429,-0.9990426,0.9871982,-0.8469223,-0.99099874,-0.9962869,0.9985046,-0.9214546,0.99972266,0.98537064,0.9985888,0.9610583,-0.9998179,-0.9917302,0.8639461,-0.9881745,0.9840281,1
-0.9999986,1.0,0.99999976,0.9999892,0.99999964,0.9999971,-1.0,1.0,-0.99999624,1.0,1.0,1.0,-1.0,1.0,-1.0,-0.9999981,1.0,-1.0,0.99999994,-0.99999344,-1.0,-1.0,-1.0,-1.0,0.99999994,-0.99967545,-1.0,-1.0,1.0,-0.9999535,1.0,0.99999994,1.0,0.999997,-1.0,-1.0,0.99983865,-0.99999994,0.99999994,1
-0.6133469,0.8595566,0.7897932,0.5945752,0.7667681,0.6245725,-0.9576543,0.8207423,-0.61432964,0.90759784,0.8735612,0.9382185,-0.90827525,0.9160941,-0.92639583,-0.6459835,0.8335105,-0.85803044,0.81128407,-0.64135456,-0.97280395,-0.91933316,-0.93039566,-0.9211483,0.7918429,-0.4721075,-0.81788087,-0.8622629,0.9057363,-0.6129752,0.9494946,0.7650322,0.9073069,0.68766123,-0.96095425,-0.80663204,0.44665965,-0.78909093,0.7262879,0
-0.999796,0.99999845,0.9999502,0.99928105,0.99992365,0.9996761,-1.0,0.9999959,-0.99961793,0.99999994,0.99999976,1.0,-0.9999998,0.99999994,-0.99999994,-0.9997632,0.9999984,-0.9999982,0.99998045,-0.99947405,-1.0,-0.99999994,-1.0,-0.99999994,0.99997646,-0.9932529,-0.99999046,-0.9999988,0.9999998,-0.9982901,1.0,0.99997145,0.9999999,0.9997001,-1.0,-0.99999315,0.99573183,-0.99998015,0.99997187,1
-0.69952494,0.9074415,0.8461528,0.6720635,0.8316417,0.6957533,-0.97755533,0.875538,-0.688542,0.9462174,0.92307615,0.967202,-0.9447561,0.9513176,-0.95771444,-0.719453,0.89232546,-0.90402216,0.8663868,-0.70833147,-0.987097,-0.9533643,-0.9609045,-0.9546328,0.8497234,-0.52872324,-0.8760814,-0.9077827,0.94235384,-0.6812423,0.9734103,0.82932854,0.9429158,0.759305,-0.98032904,-0.8654961,0.5182399,-0.8457981,0.79956204,0
-0.9920956,0.99962634,0.9970343,0.98323965,0.9963636,0.9898093,-0.99999213,0.9992684,-0.98864794,0.9999508,0.9998636,0.9999862,-0.99989974,0.9999516,-0.9999507,-0.9914349,0.9995756,-0.9995745,0.9983745,-0.9868572,-0.9999991,-0.9999549,-0.99997646,-0.99995124,0.99812114,-0.9395307,-0.9988799,-0.99967176,0.9999067,-0.9743243,0.999991,0.9977079,0.99991506,0.9909762,-0.99999505,-0.9990259,0.9503067,-0.9982654,0.99767286,0
-1.0,1.0,1.0,1.0,1.0,1.0,-1.0,1.0,-1.0,1.0,1.0,1.0,-1.0,1.0,-1.0,-1.0,1.0,-1.0,1.0,-1.0,-1.0,-1.0,-1.0,-1.0,1.0,-0.9999991,-1.0,-1.0,1.0,-1.0,1.0,1.0,1.0,1.0,-1.0,-1.0,0.9999998,-1.0,1.0,1
-0.9999772,0.99999994,0.99999654,0.999891,0.999994,0.99996245,-1.0,0.9999998,-0.9999521,1.0,1.0,1.0,-1.0,1.0,-1.0,-0.99997246,0.99999994,-0.99999994,0.9999989,-0.99992937,-1.0,-1.0,-1.0,-1.0,0.99999875,-0.9982083,-0.9999996,-0.99999994,1.0,-0.9997424,1.0,0.99999803,1.0,0.9999671,-1.0,-0.9999997,0.9990308,-0.99999887,0.9999983,1
-0.99999994,1.0,1.0,0.9999994,1.0,0.9999999,-1.0,1.0,-0.9999998,1.0,1.0,1.0,-1.0,1.0,-1.0,-0.99999994,1.0,-1.0,1.0,-0.9999997,-1.0,-1.0,-1.0,-1.0,1.0,-0.9999562,-1.0,-1.0,1.0,-0.99999756,1.0,1.0,1.0,0.9999999,-1.0,-1.0,0.9999823,-1.0,1.0,1
-0.99989116,0.9999995,0.9999817,0.99958074,0.99996907,0.9998237,-1.0,0.9999985,-0.999796,1.0,0.99999994,1.0,-0.99999994,1.0,-1.0,-0.9998637,0.9999994,-0.99999946,0.9999926,-0.9997225,-1.0,-1.0,-1.0,-1.0,0.99999154,-0.99512964,-0.9999967,-0.9999996,0.99999994,-0.9992008,1.0,0.99998736,0.99999994,0.9998621,-1.0,-0.9999973,0.9972313,-0.999992,0.99998665,1
-0.9812414,0.9986484,0.9929712,0.96548855,0.9908021,0.977235,-0.9999523,0.99766785,-0.97466564,0.99974203,0.99938846,0.99991655,-0.9995826,0.99976134,-0.99977124,-0.98040855,0.99842584,-0.9985649,0.99539524,-0.97332746,-0.99999243,-0.9997856,-0.9998661,-0.9997626,0.9948428,-0.89812064,-0.9966746,-0.99878645,0.99958575,-0.9563615,0.9999435,0.9937888,0.9996167,0.979877,-0.9999668,-0.99693245,0.91500795,-0.9950995,0.99288577,0
-0.9997408,0.9999984,0.9999581,0.9991994,0.9999315,0.9996167,-1.0,0.9999956,-0.9995447,0.99999994,0.9999997,1.0,-0.9999998,0.99999994,-0.99999994,-0.99970937,0.99999803,-0.9999984,0.9999806,-0.999432,-1.0,-0.99999994,-1.0,-0.99999994,0.99997985,-0.9921076,-0.99999124,-0.9999986,0.9999998,-0.99862325,1.0,0.99996823,0.9999999,0.9997397,-1.0,-0.999992,0.99541426,-0.99998033,0.9999686,1
-0.99586266,0.99988455,0.99910337,0.9911741,0.9985937,0.9948332,-0.9999989,0.99977833,-0.994664,0.9999883,0.99996156,0.9999975,-0.9999797,0.9999904,-0.9999906,-0.9954046,0.9998592,-0.9998997,0.99946594,-0.9935954,-0.9999999,-0.99999225,-0.9999958,-0.9999902,0.9993507,-0.9597546,-0.9996678,-0.99989897,0.99997807,-0.9890122,0.9999985,0.9990947,0.9999803,0.9959627,-0.9999994,-0.9996699,0.9677786,-0.9993408,0.9989433,0
-0.99999994,1.0,1.0,0.99999905,1.0,0.9999998,-1.0,1.0,-0.99999976,1.0,1.0,1.0,-1.0,1.0,-1.0,-0.9999999,1.0,-1.0,1.0,-0.99999946,-1.0,-1.0,-1.0,-1.0,1.0,-0.99994856,-1.0,-1.0,1.0,-0.99999434,1.0,1.0,1.0,0.99999976,-1.0,-1.0,0.99997705,-1.0,1.0,1
-0.90939236,0.98453844,0.95811284,0.87060106,0.9496567,0.898489,-0.9983751,0.97762334,-0.8957356,0.9946737,0.9902861,0.99749064,-0.9930153,0.9950987,-0.99539435,-0.9103284,0.9824558,-0.9838038,0.96788704,-0.8933029,-0.9994856,-0.99534625,-0.9965295,-0.99539566,0.96262956,-0.7588984,-0.97256815,-0.9857348,0.99307024,-0.8534041,0.998174,0.9586926,0.99345416,0.9121674,-0.9987304,-0.9738177,0.7609813,-0.9636973,0.9511022,1
-0.99996835,0.9999999,0.99999326,0.9998374,0.99998945,0.9999424,-1.0,0.99999964,-0.99992794,1.0,1.0,1.0,-1.0,1.0,-1.0,-0.99995947,0.9999999,-0.9999999,0.9999977,-0.9998924,-1.0,-1.0,-1.0,-1.0,0.99999756,-0.9976243,-0.9999991,-0.99999994,1.0,-0.9995824,1.0,0.99999654,1.0,0.99994355,-1.0,-0.9999994,0.9987332,-0.9999978,0.9999969,1
-0.550455,0.80203855,0.73976237,0.5350025,0.7089041,0.552466,-0.93031067,0.7639958,-0.54452175,0.86235976,0.816884,0.9016596,-0.8652715,0.8736974,-0.8845873,-0.58217937,0.77509725,-0.8006749,0.7574669,-0.5806983,-0.9497113,-0.87565094,-0.88836825,-0.8825371,0.72575796,-0.42613316,-0.76046205,-0.8113572,0.8641358,-0.5569295,0.91911614,0.7058841,0.862179,0.6176724,-0.9366666,-0.7483046,0.39693204,-0.72226936,0.6485862,1
-0.9917988,0.999607,0.9971752,0.98271596,0.99612105,0.98954904,-0.999992,0.9992944,-0.9885861,0.9999468,0.99985135,0.9999855,-0.9999003,0.9999494,-0.99994993,-0.9913474,0.9995621,-0.9995998,0.9983364,-0.98665905,-0.99999917,-0.99995637,-0.9999755,-0.99995005,0.9981087,-0.93891305,-0.9988417,-0.99966305,0.99990326,-0.9757748,0.9999908,0.9976918,0.99991304,0.9906702,-0.99999505,-0.9990152,0.9500539,-0.9982038,0.99752295,0
-0.9999993,1.0,0.99999994,0.999994,0.9999998,0.99999857,-1.0,1.0,-0.99999803,1.0,1.0,1.0,-1.0,1.0,-1.0,-0.9999989,1.0,-1.0,1.0,-0.99999636,-1.0,-1.0,-1.0,-1.0,1.0,-0.99977106,-1.0,-1.0,1.0,-0.9999785,1.0,0.99999994,1.0,0.99999857,-1.0,-1.0,0.9999102,-1.0,0.99999994,1
-1.0,1.0,1.0,0.99999976,1.0,0.99999994,-1.0,1.0,-0.99999994,1.0,1.0,1.0,-1.0,1.0,-1.0,-1.0,1.0,-1.0,1.0,-0.9999998,-1.0,-1.0,-1.0,-1.0,1.0,-0.9999763,-1.0,-1.0,1.0,-0.9999982,1.0,1.0,1.0,0.99999994,-1.0,-1.0,0.9999918,-1.0,1.0,1
-1.0,1.0,1.0,0.9999998,1.0,1.0,-1.0,1.0,-0.99999994,1.0,1.0,1.0,-1.0,1.0,-1.0,-1.0,1.0,-1.0,1.0,-0.9999999,-1.0,-1.0,-1.0,-1.0,1.0,-0.99998116,-1.0,-1.0,1.0,-0.99999905,1.0,1.0,1.0,1.0,-1.0,-1.0,0.9999941,-1.0,1.0,1
-0.9923516,0.99961823,0.9971594,0.9832779,0.99638426,0.9897013,-0.9999921,0.99928236,-0.988456,0.99994904,0.99986,0.99998665,-0.9999014,0.9999515,-0.9999528,-0.9916986,0.99957687,-0.9995837,0.9983151,-0.98735315,-0.99999917,-0.9999552,-0.9999758,-0.9999526,0.9981549,-0.93871015,-0.9988813,-0.9996649,0.9999049,-0.97601604,0.9999911,0.99772835,0.99991405,0.9908933,-0.9999952,-0.999007,0.9492556,-0.9982674,0.99761957,1
-0.8705776,0.9710411,0.9292874,0.8198326,0.9200342,0.8544624,-0.99571955,0.9584457,-0.8505095,0.98851746,0.9802167,0.9938319,-0.98485845,0.9888214,-0.98950535,-0.87397295,0.9680175,-0.9684775,0.94428504,-0.8482574,-0.99842876,-0.98915595,-0.991804,-0.98941445,0.9363804,-0.7012044,-0.9507881,-0.9737404,0.9854491,-0.7952633,0.99537784,0.9334568,0.98617345,0.8695926,-0.99649125,-0.95303255,0.7063046,-0.94087046,0.9228321,1
-1.0,1.0,1.0,1.0,1.0,1.0,-1.0,1.0,-1.0,1.0,1.0,1.0,-1.0,1.0,-1.0,-1.0,1.0,-1.0,1.0,-1.0,-1.0,-1.0,-1.0,-1.0,1.0,-1.0,-1.0,-1.0,1.0,-1.0,1.0,1.0,1.0,1.0,-1.0,-1.0,1.0,-1.0,1.0,1
-0.9999823,0.99999994,0.9999976,0.9999099,0.9999954,0.99996907,-1.0,0.9999999,-0.9999637,1.0,1.0,1.0,-1.0,1.0,-1.0,-0.9999759,0.99999994,-0.99999994,0.99999917,-0.9999456,-1.0,-1.0,-1.0,-1.0,0.99999905,-0.9985117,-0.9999997,-1.0,1.0,-0.99979115,1.0,0.99999845,1.0,0.9999756,-1.0,-0.99999976,0.9991071,-0.9999991,0.99999857,0
-0.9982736,0.99996287,0.9995047,0.9955596,0.9993207,0.99755055,-0.9999997,0.9999225,-0.99716806,0.9999972,0.99998975,0.99999946,-0.99999356,0.99999726,-0.9999972,-0.9981472,0.99995935,-0.99995947,0.9997495,-0.9967148,-1.0,-0.9999976,-0.9999989,-0.9999974,0.99971974,-0.9759177,-0.9998494,-0.99996966,0.9999935,-0.9925518,0.9999997,0.999637,0.9999944,0.99798614,-0.9999998,-0.9998766,0.98221856,-0.9997123,0.9996314,1
-0.9962828,0.9998949,0.9990428,0.9914706,0.99864286,0.9951669,-0.9999989,0.9997887,-0.994881,0.9999895,0.9999661,0.9999977,-0.9999797,0.99999094,-0.9999906,-0.996147,0.9998812,-0.99989516,0.9994826,-0.99384314,-0.99999994,-0.9999924,-0.99999595,-0.99999094,0.99935174,-0.9614357,-0.9996636,-0.99990827,0.9999793,-0.9883613,0.9999987,0.99917746,0.9999814,0.99605787,-0.99999934,-0.99969757,0.9705115,-0.9993603,0.9990326,1
-0.96634066,0.99640256,0.983662,0.9419949,0.98084074,0.95802206,-0.99976844,0.9941341,-0.95419806,0.9991067,0.99814796,0.999678,-0.9985646,0.9991369,-0.9991769,-0.9663188,0.9959878,-0.995814,0.9890429,-0.9512524,-0.9999596,-0.99914443,-0.9994657,-0.9992184,0.98772913,-0.85686237,-0.99149656,-0.9968575,0.9985976,-0.9224253,0.99976206,0.9866278,0.9987815,0.9635568,-0.99983853,-0.9930091,0.8746706,-0.98824316,0.9856521,1
-0.86283803,0.97166884,0.93352944,0.8206611,0.9213216,0.8551149,-0.9960286,0.9606725,-0.84589577,0.9882705,0.9797425,0.99393487,-0.98578525,0.9892476,-0.99011135,-0.8654491,0.9670562,-0.970962,0.9466805,-0.8482431,-0.9985339,-0.98973846,-0.9922221,-0.9900237,0.94137293,-0.6979099,-0.95413697,-0.9744855,0.98610526,-0.8084569,0.99544954,0.9330292,0.9864854,0.87616056,-0.9967406,-0.95366615,0.7001543,-0.941473,0.9214375,0
-1.0,1.0,1.0,0.99999994,1.0,1.0,-1.0,1.0,-1.0,1.0,1.0,1.0,-1.0,1.0,-1.0,-1.0,1.0,-1.0,1.0,-0.99999994,-1.0,-1.0,-1.0,-1.0,1.0,-0.9999902,-1.0,-1.0,1.0,-0.9999995,1.0,1.0,1.0,1.0,-1.0,-1.0,0.999997,-1.0,1.0,0
-1.0,1.0,1.0,0.9999997,1.0,0.99999994,-1.0,1.0,-0.99999994,1.0,1.0,1.0,-1.0,1.0,-1.0,-1.0,1.0,-1.0,1.0,-0.9999999,-1.0,-1.0,-1.0,-1.0,1.0,-0.9999767,-1.0,-1.0,1.0,-0.9999984,1.0,1.0,1.0,0.99999994,-1.0,-1.0,0.9999918,-1.0,1.0,0
-0.9978837,0.9999583,0.9995418,0.9949795,0.9992988,0.9972798,-0.9999997,0.9999147,-0.99709415,0.99999666,0.9999879,0.99999934,-0.9999932,0.9999971,-0.999997,-0.99768037,0.9999502,-0.9999603,0.9997561,-0.996378,-1.0,-0.99999774,-0.99999887,-0.9999971,0.9997069,-0.9736252,-0.99985063,-0.9999642,0.9999932,-0.99278516,0.99999964,0.99960214,0.99999374,0.9978489,-0.9999999,-0.9998678,0.9804739,-0.99970895,0.9995403,0
-0.9999975,1.0,0.99999964,0.9999829,0.9999994,0.999995,-1.0,1.0,-0.9999937,1.0,1.0,1.0,-1.0,1.0,-1.0,-0.9999967,1.0,-1.0,0.99999994,-0.99998957,-1.0,-1.0,-1.0,-1.0,0.9999999,-0.9995442,-1.0,-1.0,1.0,-0.9999393,1.0,0.9999998,1.0,0.99999565,-1.0,-1.0,0.99978256,-0.99999994,0.9999999,1
-0.99995977,0.9999999,0.99999195,0.9998115,0.9999869,0.9999303,-1.0,0.9999996,-0.99991465,1.0,1.0,1.0,-1.0,1.0,-1.0,-0.99994755,0.9999998,-0.9999998,0.99999726,-0.9998684,-1.0,-1.0,-1.0,-1.0,0.99999684,-0.99736375,-0.99999887,-0.9999999,1.0,-0.9995171,1.0,0.9999957,1.0,0.99993634,-1.0,-0.9999992,0.9985609,-0.9999972,0.9999959,1
-0.9999914,1.0,0.9999989,0.99995434,0.9999979,0.9999849,-1.0,0.99999994,-0.9999807,1.0,1.0,1.0,-1.0,1.0,-1.0,-0.99998885,1.0,-1.0,0.99999964,-0.9999705,-1.0,-1.0,-1.0,-1.0,0.99999964,-0.9990236,-0.9999999,-1.0,1.0,-0.99987733,1.0,0.9999994,1.0,0.999988,-1.0,-0.99999994,0.9994919,-0.99999964,0.99999946,1
-0.99967533,0.99999696,0.99991536,0.9989135,0.99987614,0.9995028,-1.0,0.9999918,-0.9993957,0.9999999,0.9999994,1.0,-0.9999996,0.9999999,-0.9999999,-0.9996152,0.99999654,-0.99999624,0.99996364,-0.9992404,-1.0,-0.9999999,-0.99999994,-0.9999999,0.99995923,-0.99073464,-0.9999822,-0.99999744,0.99999964,-0.9976517,1.0,0.9999484,0.9999997,0.9995461,-1.0,-0.999987,0.9940148,-0.99996436,0.99995077,0
-0.9999851,1.0,0.99999774,0.9999215,0.99999595,0.99997264,-1.0,0.9999999,-0.9999677,1.0,1.0,1.0,-1.0,1.0,-1.0,-0.9999809,0.99999994,-1.0,0.99999934,-0.9999479,-1.0,-1.0,-1.0,-1.0,0.99999917,-0.99857825,-0.9999997,-1.0,1.0,-0.99979365,1.0,0.9999988,1.0,0.9999773,-1.0,-0.9999998,0.99930024,-0.9999992,0.9999988,1
-0.99999976,1.0,1.0,0.9999977,0.99999994,0.99999946,-1.0,1.0,-0.9999993,1.0,1.0,1.0,-1.0,1.0,-1.0,-0.9999996,1.0,-1.0,1.0,-0.9999986,-1.0,-1.0,-1.0,-1.0,1.0,-0.9998862,-1.0,-1.0,1.0,-0.9999924,1.0,1.0,1.0,0.9999996,-1.0,-1.0,0.9999518,-1.0,1.0,1
-0.9998654,0.99999917,0.9999614,0.9994538,0.9999478,0.99977595,-1.0,0.99999714,-0.9997159,1.0,0.9999999,1.0,-0.9999999,1.0,-0.99999994,-0.9998345,0.999999,-0.9999988,0.9999861,-0.99960035,-1.0,-1.0,-1.0,-1.0,0.9999852,-0.9946293,-0.99999344,-0.9999993,0.9999999,-0.9985691,1.0,0.99997985,0.99999994,0.9997765,-1.0,-0.9999956,0.9966321,-0.999987,0.99998295,1
-0.99837536,0.999975,0.9997213,0.99634063,0.9995217,0.99797076,-0.9999999,0.99994963,-0.99771416,0.9999982,0.99999315,0.9999997,-0.9999966,0.9999985,-0.99999857,-0.9981271,0.99996835,-0.99997884,0.99984515,-0.99732006,-1.0,-0.99999887,-0.99999946,-0.9999985,0.99982536,-0.97826564,-0.9999158,-0.99998015,0.9999964,-0.99504906,0.9999998,0.9997361,0.9999967,0.9985791,-0.99999994,-0.9999154,0.98393416,-0.9998075,0.9996802,0
-0.9999924,1.0,0.9999986,0.9999541,0.9999976,0.9999858,-1.0,0.99999994,-0.9999819,1.0,1.0,1.0,-1.0,1.0,-1.0,-0.9999895,1.0,-1.0,0.9999996,-0.99996936,-1.0,-1.0,-1.0,-1.0,0.9999996,-0.99909544,-0.9999999,-1.0,1.0,-0.9998456,1.0,0.9999994,1.0,0.9999853,-1.0,-0.99999994,0.99950117,-0.99999964,0.99999946,1
-1.0,1.0,1.0,1.0,1.0,1.0,-1.0,1.0,-1.0,1.0,1.0,1.0,-1.0,1.0,-1.0,-1.0,1.0,-1.0,1.0,-1.0,-1.0,-1.0,-1.0,-1.0,1.0,-0.99999976,-1.0,-1.0,1.0,-1.0,1.0,1.0,1.0,1.0,-1.0,-1.0,0.99999994,-1.0,1.0,1
-0.99490017,0.9998064,0.99820006,0.9885128,0.9976313,0.9933704,-0.9999967,0.999617,-0.9922504,0.9999776,0.9999355,0.9999945,-0.99995404,0.99997747,-0.9999778,-0.9944458,0.99977434,-0.9997808,0.99897516,-0.99125016,-0.9999997,-0.99998033,-0.9999903,-0.99997747,0.9988932,-0.95154154,-0.9993603,-0.99983054,0.9999544,-0.9823771,0.9999964,0.9985934,0.9999596,0.9938901,-0.99999803,-0.99946076,0.96316177,-0.99896747,0.9986345,1
-0.9993526,0.9999917,0.99985296,0.99807286,0.99976593,0.9990566,-1.0,0.9999811,-0.99893534,0.9999996,0.9999981,0.99999994,-0.9999989,0.9999996,-0.9999996,-0.9992584,0.99999064,-0.9999914,0.99993116,-0.9985915,-1.0,-0.9999997,-0.9999999,-0.99999964,0.99991935,-0.98645556,-0.9999618,-0.99999326,0.9999989,-0.99662685,0.99999994,0.99988914,0.99999905,0.9992164,-1.0,-0.99996823,0.99094456,-0.9999213,0.9998852,1
-0.9524827,0.9945697,0.97927916,0.9264707,0.9749983,0.94540185,-0.9996202,0.99123114,-0.94190127,0.99848056,0.99700004,0.99939865,-0.99783087,0.99860257,-0.99869865,-0.95366174,0.9937423,-0.9940831,0.98582244,-0.9384034,-0.9999143,-0.99870175,-0.9991285,-0.9986376,0.98355067,-0.83346593,-0.98822635,-0.99486196,0.9977493,-0.9117477,0.9995669,0.9808939,0.9980217,0.9522945,-0.99971443,-0.9890352,0.8451333,-0.98433477,0.9789237,1
-0.99999404,1.0,0.99999875,0.9999603,0.9999979,0.9999885,-1.0,0.99999994,-0.99998474,1.0,1.0,1.0,-1.0,1.0,-1.0,-0.9999918,1.0,-1.0,0.99999964,-0.99997544,-1.0,-1.0,-1.0,-1.0,0.99999964,-0.9992072,-0.9999999,-1.0,1.0,-0.99985254,1.0,0.99999946,1.0,0.9999873,-1.0,-0.99999994,0.9995719,-0.9999997,0.9999996,1
-0.9999897,1.0,0.9999979,0.9999417,0.9999967,0.9999818,-1.0,0.99999994,-0.99997616,1.0,1.0,1.0,-1.0,1.0,-1.0,-0.999987,1.0,-1.0,0.99999946,-0.9999624,-1.0,-1.0,-1.0,-1.0,0.99999934,-0.99892145,-0.99999976,-1.0,1.0,-0.9997958,1.0,0.99999917,1.0,0.99998105,-1.0,-0.9999999,0.999422,-0.99999946,0.9999993,1
-0.91556686,0.98740923,0.96526057,0.8817037,0.9566121,0.90691286,-0.998826,0.9809073,-0.90449,0.9956579,0.9919188,0.99806154,-0.99461854,0.9961143,-0.9965534,-0.91786176,0.9851041,-0.98740435,0.9725815,-0.90102863,-0.99964625,-0.996471,-0.99743426,-0.9963529,0.9687325,-0.76567453,-0.9773323,-0.9881274,0.99441576,-0.8724996,0.9986246,0.96435624,0.9949134,0.924257,-0.9990782,-0.9770645,0.77869445,-0.9702982,0.9566807,1
-0.99999994,1.0,1.0,0.9999995,1.0,0.99999994,-1.0,1.0,-0.9999999,1.0,1.0,1.0,-1.0,1.0,-1.0,-0.99999994,1.0,-1.0,1.0,-0.99999976,-1.0,-1.0,-1.0,-1.0,1.0,-0.99996567,-1.0,-1.0,1.0,-0.9999966,1.0,1.0,1.0,0.9999999,-1.0,-1.0,0.9999886,-1.0,1.0,1
-0.9999998,1.0,1.0,0.9999981,0.99999994,0.9999996,-1.0,1.0,-0.99999946,1.0,1.0,1.0,-1.0,1.0,-1.0,-0.99999964,1.0,-1.0,1.0,-0.99999887,-1.0,-1.0,-1.0,-1.0,1.0,-0.99990284,-1.0,-1.0,1.0,-0.9999941,1.0,1.0,1.0,0.9999997,-1.0,-1.0,0.99995846,-1.0,1.0,1
-0.9999991,1.0,0.99999994,0.9999934,0.9999999,0.99999815,-1.0,1.0,-0.9999978,1.0,1.0,1.0,-1.0,1.0,-1.0,-0.99999875,1.0,-1.0,1.0,-0.99999607,-1.0,-1.0,-1.0,-1.0,1.0,-0.99975,-1.0,-1.0,1.0,-0.9999822,1.0,0.99999994,1.0,0.99999875,-1.0,-1.0,0.999891,-1.0,0.99999994,1
-0.7593072,0.9276345,0.8683577,0.71494246,0.8537387,0.7500863,-0.983315,0.9037721,-0.74374545,0.9620223,0.9430187,0.97715306,-0.9564603,0.9646471,-0.96695906,-0.77045476,0.916327,-0.9208924,0.8862924,-0.7550556,-0.9915551,-0.96434873,-0.9710208,-0.96684444,0.8718014,-0.58920205,-0.89429283,-0.9311159,0.95600754,-0.69923156,0.98206854,0.8621611,0.9590719,0.77860767,-0.9858496,-0.8941967,0.5694942,-0.8730672,0.8380136,1
-0.9999993,1.0,0.9999999,0.9999933,0.99999976,0.99999833,-1.0,1.0,-0.9999978,1.0,1.0,1.0,-1.0,1.0,-1.0,-0.99999887,1.0,-1.0,1.0,-0.9999959,-1.0,-1.0,-1.0,-1.0,0.99999994,-0.9997448,-1.0,-1.0,1.0,-0.9999688,1.0,0.99999994,1.0,0.9999981,-1.0,-1.0,0.99989283,-1.0,0.99999994,1
-0.99993396,0.99999976,0.99998623,0.9997198,0.99997866,0.9998928,-1.0,0.9999991,-0.99986476,1.0,0.99999994,1.0,-1.0,1.0,-1.0,-0.9999163,0.9999997,-0.99999964,0.99999475,-0.9998065,-1.0,-1.0,-1.0,-1.0,0.9999945,-0.9966068,-0.99999785,-0.99999976,1.0,-0.99929565,1.0,0.9999921,1.0,0.99990094,-1.0,-0.99999845,0.99805325,-0.9999952,0.9999929,1
-0.87702894,0.9751219,0.9357809,0.8321083,0.9291761,0.86371994,-0.99647915,0.9629237,-0.8574133,0.98991793,0.9829094,0.9950359,-0.9872581,0.9906204,-0.9913903,-0.8827988,0.9712683,-0.9725681,0.9491284,-0.86119336,-0.9987431,-0.99076396,-0.9932376,-0.99121314,0.9443748,-0.70776975,-0.95585054,-0.9754692,0.98709786,-0.8138944,0.99610615,0.93852276,0.9881301,0.8822006,-0.99717665,-0.9584391,0.7103199,-0.94667065,0.93168765,0
-1.0,1.0,1.0,1.0,1.0,1.0,-1.0,1.0,-1.0,1.0,1.0,1.0,-1.0,1.0,-1.0,-1.0,1.0,-1.0,1.0,-1.0,-1.0,-1.0,-1.0,-1.0,1.0,-0.9999972,-1.0,-1.0,1.0,-0.9999999,1.0,1.0,1.0,1.0,-1.0,-1.0,0.9999993,-1.0,1.0,1
-0.96933067,0.99769825,0.99057925,0.9522647,0.9871658,0.9655546,-0.99990606,0.9962329,-0.96420974,0.999471,0.9988324,0.9998199,-0.9992801,0.999553,-0.9995771,-0.9692416,0.99721587,-0.99781287,0.9934777,-0.96123147,-0.9999813,-0.9996051,-0.9997434,-0.9995634,0.9923641,-0.8707936,-0.995128,-0.99792325,0.9992644,-0.9461161,0.99988234,0.9903106,0.9992988,0.97426474,-0.99993485,-0.99517196,0.88567084,-0.9921948,0.98853505,1
-0.914491,0.98630416,0.96130055,0.8777255,0.9538356,0.9059444,-0.9986314,0.97936136,-0.89997953,0.9954235,0.9912403,0.99786276,-0.9939105,0.995727,-0.9960548,-0.91583234,0.98402363,-0.98550165,0.97004527,-0.90027416,-0.9995708,-0.9959151,-0.99709433,-0.995928,0.96717685,-0.7634388,-0.97526145,-0.9874578,0.9939421,-0.86516035,0.998434,0.96148133,0.994349,0.9180539,-0.99893004,-0.9752998,0.7720902,-0.9681104,0.9561462,0
-1.0,1.0,1.0,1.0,1.0,1.0,-1.0,1.0,-1.0,1.0,1.0,1.0,-1.0,1.0,-1.0,-1.0,1.0,-1.0,1.0,-1.0,-1.0,-1.0,-1.0,-1.0,1.0,-0.9999993,-1.0,-1.0,1.0,-1.0,1.0,1.0,1.0,1.0,-1.0,-1.0,0.9999998,-1.0,1.0,1
-0.9952929,0.9998357,0.9985369,0.98948854,0.99801546,0.9937236,-0.9999977,0.999672,-0.9928679,0.9999814,0.99994427,0.9999957,-0.9999635,0.99998283,-0.99998313,-0.9948679,0.9998093,-0.99982053,0.99916095,-0.9921419,-0.9999998,-0.99998504,-0.9999922,-0.9999828,0.99906313,-0.9542867,-0.9994695,-0.999853,0.9999626,-0.9845743,0.9999973,0.9988195,0.99996835,0.9946056,-0.9999986,-0.999517,0.96601343,-0.99912685,0.9987376,1
-0.99922574,0.9999898,0.99980396,0.9978105,0.99971443,0.9989326,-0.99999994,0.99997514,-0.99870276,0.99999946,0.9999977,0.9999999,-0.9999985,0.99999946,-0.9999994,-0.99910843,0.99998796,-0.9999887,0.9999097,-0.99839073,-1.0,-0.9999995,-0.9999998,-0.99999946,0.9999043,-0.98448706,-0.99995226,-0.99999136,0.9999985,-0.9958942,0.99999994,0.99986607,0.99999875,0.99907136,-1.0,-0.999962,0.9895856,-0.9999017,0.9998719,0
-0.9999943,1.0,0.99999905,0.99996424,0.9999983,0.99998903,-1.0,1.0,-0.9999857,1.0,1.0,1.0,-1.0,1.0,-1.0,-0.99999183,1.0,-1.0,0.99999976,-0.9999766,-1.0,-1.0,-1.0,-1.0,0.9999997,-0.99917704,-0.9999999,-1.0,1.0,-0.9998869,1.0,0.9999995,1.0,0.999989,-1.0,-0.99999994,0.99958175,-0.9999997,0.9999996,1
-0.9656207,0.9966501,0.98547596,0.94280696,0.9827231,0.95961815,-0.99980986,0.99435395,-0.9565341,0.9991716,0.9982838,0.9996934,-0.9987344,0.9992516,-0.9992397,-0.96414816,0.9961563,-0.9962149,0.99031514,-0.9534654,-0.99996126,-0.9992814,-0.99953324,-0.9992675,0.9890629,-0.85990673,-0.9925588,-0.99688596,0.99876213,-0.92571694,0.9997834,0.9872334,0.9988462,0.9652039,-0.9998621,-0.9929372,0.8737112,-0.98919916,0.98527575,0
-0.99265116,0.99975634,0.9983651,0.98668516,0.9974644,0.991405,-0.99999684,0.9995486,-0.9904634,0.9999694,0.9999081,0.99999213,-0.99995106,0.9999739,-0.9999739,-0.99230534,0.999711,-0.99978256,0.99901843,-0.98951656,-0.99999964,-0.9999791,-0.9999884,-0.9999742,0.9988485,-0.93745047,-0.9993575,-0.9997903,0.9999504,-0.9840765,0.9999952,0.9983401,0.999948,0.9940254,-0.9999979,-0.9993477,0.95698166,-0.9987066,0.99806315,1
-0.9999354,0.99999976,0.99998987,0.99973786,0.9999804,0.99989593,-1.0,0.99999934,-0.9998791,1.0,0.99999994,1.0,-1.0,1.0,-1.0,-0.9999203,0.9999997,-0.99999976,0.9999957,-0.9998343,-1.0,-1.0,-1.0,-1.0,0.9999954,-0.9966773,-0.9999983,-0.9999998,1.0,-0.99947345,1.0,0.999993,1.0,0.99991465,-1.0,-0.99999875,0.99789494,-0.9999954,0.9999931,1
-1.0,1.0,1.0,0.99999976,1.0,0.99999994,-1.0,1.0,-0.99999994,1.0,1.0,1.0,-1.0,1.0,-1.0,-1.0,1.0,-1.0,1.0,-0.9999999,-1.0,-1.0,-1.0,-1.0,1.0,-0.9999768,-1.0,-1.0,1.0,-0.9999982,1.0,1.0,1.0,0.99999994,-1.0,-1.0,0.99999225,-1.0,1.0,1
-0.993387,0.99973285,0.9978644,0.98618335,0.99701077,0.9916038,-0.99999535,0.9994928,-0.990557,0.9999664,0.9999032,0.99999136,-0.99993604,0.9999693,-0.99996823,-0.9927471,0.99969304,-0.9997224,0.99875236,-0.98944056,-0.9999995,-0.99997187,-0.9999848,-0.9999684,0.9986458,-0.94701266,-0.9991922,-0.99977314,0.9999371,-0.9796251,0.9999944,0.99819404,0.9999426,0.99284136,-0.9999972,-0.999284,0.9574376,-0.99864763,0.9981486,0
-0.9999865,1.0,0.99999785,0.9999302,0.9999962,0.99997675,-1.0,0.99999994,-0.99997073,1.0,1.0,1.0,-1.0,1.0,-1.0,-0.99998206,1.0,-1.0,0.99999934,-0.99995273,-1.0,-1.0,-1.0,-1.0,0.9999992,-0.9986107,-0.99999976,-1.0,1.0,-0.9998065,1.0,0.9999989,1.0,0.99997747,-1.0,-0.9999998,0.9993179,-0.99999934,0.999999,0
-0.9999969,1.0,0.9999997,0.99998015,0.99999934,0.99999404,-1.0,1.0,-0.99999297,1.0,1.0,1.0,-1.0,1.0,-1.0,-0.9999955,1.0,-1.0,0.9999999,-0.9999881,-1.0,-1.0,-1.0,-1.0,0.9999999,-0.9994421,-1.0,-1.0,1.0,-0.9999489,1.0,0.9999998,1.0,0.99999535,-1.0,-1.0,0.9997398,-0.9999999,0.9999998,1
-0.9987778,0.9999803,0.9996699,0.9968109,0.9995442,0.9983274,-0.9999999,0.99995154,-0.9980392,0.9999987,0.99999505,0.99999976,-0.99999666,0.9999987,-0.9999987,-0.9986423,0.99997634,-0.9999781,0.99984396,-0.99759495,-1.0,-0.9999989,-0.9999995,-0.9999986,0.99982435,-0.98029363,-0.99991286,-0.9999828,0.9999968,-0.99426925,0.9999999,0.99976724,0.9999972,0.9985681,-0.99999994,-0.99992746,0.9854432,-0.99983585,0.9997773,1
-0.99999684,1.0,0.9999995,0.99997926,0.9999991,0.9999942,-1.0,1.0,-0.9999927,1.0,1.0,1.0,-1.0,1.0,-1.0,-0.99999565,1.0,-1.0,0.9999999,-0.9999865,-1.0,-1.0,-1.0,-1.0,0.9999999,-0.99951226,-0.99999994,-1.0,1.0,-0.99992025,1.0,0.99999976,1.0,0.99999416,-1.0,-1.0,0.9997447,-0.9999999,0.9999998,0
-0.99999815,1.0,0.99999976,0.9999868,0.9999996,0.9999961,-1.0,1.0,-0.9999948,1.0,1.0,1.0,-1.0,1.0,-1.0,-0.9999973,1.0,-1.0,0.99999994,-0.9999916,-1.0,-1.0,-1.0,-1.0,0.99999994,-0.99958986,-1.0,-1.0,1.0,-0.99995494,1.0,0.9999999,1.0,0.9999969,-1.0,-1.0,0.9998102,-0.99999994,0.99999994,1
-0.9828336,0.99873966,0.9928284,0.966553,0.99111295,0.9782445,-0.999954,0.99783015,-0.9755983,0.99976426,0.99945056,0.9999259,-0.99960285,0.9997815,-0.9997803,-0.98178655,0.9985923,-0.9986374,0.99557173,-0.97382015,-0.99999344,-0.9997901,-0.99987894,-0.999786,0.9951187,-0.9028032,-0.99679565,-0.99891436,0.9996153,-0.95495105,0.9999481,0.9942093,0.9996431,0.9812009,-0.9999693,-0.99717987,0.9190079,-0.9950751,0.99372506,1
-0.8042569,0.94715863,0.8915475,0.7540979,0.8797103,0.7899796,-0.9898278,0.9277193,-0.784669,0.9745557,0.96026343,0.98542637,-0.96979654,0.9765478,-0.97789955,-0.8080317,0.94030046,-0.9429198,0.91306525,-0.78681225,-0.99536645,-0.97672695,-0.9813123,-0.9780558,0.8996212,-0.6249911,-0.9196959,-0.94992435,0.97023135,-0.73193014,0.9886657,0.8920295,0.9714949,0.8173513,-0.9912373,-0.920292,0.6151087,-0.90162903,0.87416774,1
-1.0,1.0,1.0,1.0,1.0,1.0,-1.0,1.0,-1.0,1.0,1.0,1.0,-1.0,1.0,-1.0,-1.0,1.0,-1.0,1.0,-1.0,-1.0,-1.0,-1.0,-1.0,1.0,-0.99999696,-1.0,-1.0,1.0,-0.99999994,1.0,1.0,1.0,1.0,-1.0,-1.0,0.99999917,-1.0,1.0,1
-0.9994366,0.99999315,0.9998404,0.9981984,0.99977005,0.999149,-0.99999994,0.99998116,-0.9989867,0.99999964,0.99999845,0.99999994,-0.9999989,0.99999964,-0.9999996,-0.9993705,0.9999916,-0.99999076,0.999925,-0.9986984,-1.0,-0.99999964,-0.9999999,-0.99999964,0.9999193,-0.98737115,-0.9999609,-0.99999344,0.99999887,-0.9963747,0.99999994,0.9998957,0.99999917,0.99918956,-1.0,-0.9999723,0.9916206,-0.9999279,0.999902,1
-0.9999977,1.0,0.9999997,0.99998456,0.9999994,0.99999547,-1.0,1.0,-0.99999404,1.0,1.0,1.0,-1.0,1.0,-1.0,-0.99999666,1.0,-1.0,0.99999994,-0.9999896,-1.0,-1.0,-1.0,-1.0,0.9999999,-0.99954045,-1.0,-1.0,1.0,-0.99994504,1.0,0.9999999,1.0,0.99999577,-1.0,-1.0,0.99979544,-0.99999994,0.9999999,1
-0.9904512,0.99953586,0.9967394,0.9808271,0.9957399,0.9881073,-0.9999886,0.9991126,-0.9868966,0.9999298,0.99981445,0.9999807,-0.99987125,0.99993455,-0.99993616,-0.98995286,0.9994565,-0.99948287,0.9979985,-0.9855191,-0.99999875,-0.99994224,-0.9999679,-0.9999379,0.9977742,-0.93153006,-0.998645,-0.9995824,0.99987376,-0.9727111,0.9999875,0.9972488,0.9998908,0.9898585,-0.999993,-0.99879456,0.9431483,-0.99788886,0.9970315,1
-0.9998,0.9999986,0.9999545,0.9992837,0.9999293,0.9997127,-1.0,0.9999963,-0.99965835,0.99999994,0.99999976,1.0,-0.9999998,0.99999994,-0.99999994,-0.99977005,0.99999845,-0.99999845,0.9999834,-0.9995198,-1.0,-0.99999994,-1.0,-0.99999994,0.99997944,-0.9931835,-0.9999914,-0.9999989,0.9999999,-0.99841166,1.0,0.99997425,0.9999999,0.99972117,-1.0,-0.9999938,0.9958309,-0.99998087,0.9999732,0
-1.0,1.0,1.0,0.99999964,1.0,0.99999994,-1.0,1.0,-0.9999999,1.0,1.0,1.0,-1.0,1.0,-1.0,-0.99999994,1.0,-1.0,1.0,-0.9999998,-1.0,-1.0,-1.0,-1.0,1.0,-0.99996936,-1.0,-1.0,1.0,-0.99999785,1.0,1.0,1.0,0.99999994,-1.0,-1.0,0.9999897,-1.0,1.0,1
-0.9733499,0.9976397,0.9868285,0.9528669,0.98501456,0.9680304,-0.99986523,0.9955223,-0.9625891,0.99944746,0.9988475,0.9998078,-0.99904597,0.999443,-0.9994839,-0.97286624,0.99720436,-0.9970393,0.99194956,-0.9607257,-0.9999766,-0.99945515,-0.9996865,-0.99944735,0.99096733,-0.87846553,-0.99380296,-0.99774766,0.99910504,-0.932617,0.99985003,0.98965263,0.99917835,0.96924096,-0.99990547,-0.99468666,0.89140064,-0.99211097,0.98959523,1
-0.9998667,0.99999917,0.999969,0.99947214,0.99995136,0.99977434,-1.0,0.9999976,-0.9997172,1.0,0.9999999,1.0,-0.99999994,1.0,-1.0,-0.999836,0.9999991,-0.99999905,0.99998754,-0.99964154,-1.0,-1.0,-1.0,-1.0,0.9999869,-0.9941463,-0.99999446,-0.9999993,0.99999994,-0.9988775,1.0,0.99998194,0.99999994,0.9998051,-1.0,-0.9999959,0.9967456,-0.99998766,0.99998367,1
-0.9562939,0.9950631,0.981607,0.9292057,0.9776304,0.94978464,-0.9996762,0.9920951,-0.94541615,0.9987201,0.9973259,0.9994945,-0.99814963,0.9988065,-0.99884576,-0.9574178,0.99433535,-0.99468815,0.98682064,-0.945542,-0.99992734,-0.99886364,-0.9992513,-0.99886143,0.98526144,-0.8338572,-0.9896706,-0.9954997,0.99813855,-0.9155582,0.99964154,0.98287606,0.99825585,0.95523846,-0.999765,-0.9903458,0.849619,-0.9853668,0.9803873,0
-0.99256897,0.99969727,0.9976621,0.9849783,0.9969017,0.9909043,-0.9999945,0.9994301,-0.9897305,0.9999604,0.99988925,0.99998945,-0.99992627,0.99996316,-0.9999636,-0.99242085,0.9996517,-0.99967813,0.998709,-0.9884046,-0.9999994,-0.9999672,-0.9999825,-0.9999642,0.99848396,-0.9426453,-0.9990865,-0.9997327,0.9999283,-0.97867996,0.99999344,0.99808735,0.9999317,0.9924094,-0.9999966,-0.9992217,0.95511496,-0.9984707,0.99794793,1
-0.93422884,0.9907039,0.9681847,0.8998563,0.9650999,0.92352414,-0.99912584,0.9846396,-0.9180223,0.9970631,0.994589,0.99874306,-0.99580765,0.99713266,-0.997485,-0.93590367,0.98910886,-0.98901176,0.97652215,-0.9181935,-0.9997629,-0.99729323,-0.9981883,-0.99728316,0.9739526,-0.7885044,-0.9810984,-0.9907081,0.99588245,-0.8803153,0.99905056,0.9710087,0.996172,0.93489873,-0.9993353,-0.9818168,0.80112374,-0.97650224,0.9685168,1
-0.99999815,1.0,0.99999976,0.9999869,0.9999996,0.9999964,-1.0,1.0,-0.9999952,1.0,1.0,1.0,-1.0,1.0,-1.0,-0.9999976,1.0,-1.0,0.99999994,-0.999992,-1.0,-1.0,-1.0,-1.0,0.99999994,-0.99961996,-1.0,-1.0,1.0,-0.9999549,1.0,0.9999999,1.0,0.9999965,-1.0,-1.0,0.99982214,-0.99999994,0.99999994,0
-0.9653982,0.9972424,0.98950523,0.94619334,0.9862074,0.96152836,-0.9998821,0.9952151,-0.96065384,0.99934953,0.99855226,0.99977005,-0.9991175,0.99944186,-0.9994933,-0.96473193,0.99660575,-0.99728066,0.99255854,-0.9574996,-0.9999739,-0.9995275,-0.9996755,-0.99945575,0.9912456,-0.8573926,-0.99435896,-0.99736303,0.9990961,-0.94023067,0.99984556,0.98907155,0.9991109,0.97136873,-0.99991614,-0.9940107,0.87616134,-0.99114317,0.9862836,1
-0.9999997,1.0,0.99999994,0.99999666,0.99999994,0.99999934,-1.0,1.0,-0.9999991,1.0,1.0,1.0,-1.0,1.0,-1.0,-0.9999996,1.0,-1.0,1.0,-0.9999981,-1.0,-1.0,-1.0,-1.0,1.0,-0.9998583,-1.0,-1.0,1.0,-0.99998283,1.0,1.0,1.0,0.99999917,-1.0,-1.0,0.99994534,-1.0,1.0,0
-0.97202843,0.9975371,0.988159,0.95199883,0.985743,0.9660715,-0.99986744,0.9956594,-0.9632737,0.999418,0.99876475,0.99980026,-0.9990863,0.9994529,-0.9994829,-0.9709325,0.9971477,-0.99717295,0.99207914,-0.9613118,-0.9999777,-0.999497,-0.9996809,-0.9994785,0.99109435,-0.87608695,-0.99409074,-0.99773073,0.99910736,-0.9342923,0.9998562,0.9897908,0.99919933,0.97113526,-0.9999095,-0.9945574,0.8874721,-0.9915138,0.9884405,1
-0.99965465,0.9999971,0.9999337,0.99885595,0.9998924,0.9994934,-1.0,0.9999927,-0.9994304,0.9999999,0.99999946,1.0,-0.9999997,0.9999999,-0.9999999,-0.99957556,0.99999654,-0.9999972,0.999971,-0.999222,-1.0,-0.99999994,-0.99999994,-0.9999999,0.9999673,-0.9910115,-0.99998564,-0.9999977,0.9999997,-0.99803257,1.0,0.9999501,0.9999997,0.99958736,-1.0,-0.99998736,0.9940983,-0.9999652,0.9999465,1
-1.0,1.0,1.0,1.0,1.0,1.0,-1.0,1.0,-1.0,1.0,1.0,1.0,-1.0,1.0,-1.0,-1.0,1.0,-1.0,1.0,-1.0,-1.0,-1.0,-1.0,-1.0,1.0,-0.999998,-1.0,-1.0,1.0,-0.99999994,1.0,1.0,1.0,1.0,-1.0,-1.0,0.99999946,-1.0,1.0,1
-0.9996084,0.9999956,0.9998602,0.9986177,0.9998194,0.99939275,-1.0,0.99998635,-0.9992077,0.99999976,0.9999991,1.0,-0.9999993,0.99999976,-0.9999997,-0.9995579,0.9999949,-0.99999315,0.9999421,-0.99901044,-1.0,-0.99999976,-0.99999994,-0.99999976,0.99994016,-0.9895801,-0.9999697,-0.999996,0.9999993,-0.99655116,1.0,0.9999263,0.99999946,0.99934417,-1.0,-0.99998075,0.9937796,-0.99994975,0.99993753,1
-0.99946564,0.9999941,0.999878,0.9983385,0.9998144,0.99919367,-1.0,0.99998534,-0.9990861,0.9999997,0.9999987,0.99999994,-0.99999917,0.9999997,-0.9999997,-0.9993632,0.9999931,-0.9999936,0.9999425,-0.9988407,-1.0,-0.99999976,-0.9999999,-0.9999997,0.9999361,-0.9876377,-0.99997085,-0.9999951,0.9999992,-0.9969704,1.0,0.99991584,0.99999934,0.9993336,-1.0,-0.9999762,0.99194723,-0.99993855,0.9999098,1
-0.8424262,0.9661371,0.9265792,0.8027632,0.9126242,0.8357815,-0.99479204,0.95156103,-0.8307514,0.9850584,0.97488326,0.9920493,-0.98254246,0.9861766,-0.98767024,-0.85199916,0.95936525,-0.9643927,0.9380506,-0.83657426,-0.99788976,-0.98719794,-0.98986727,-0.98683476,0.92955947,-0.67162615,-0.9442067,-0.9670923,0.9820932,-0.7931729,0.9940432,0.9221532,0.9832379,0.85745674,-0.99571896,-0.94473696,0.67882335,-0.9332768,0.9058248,1
-0.9999998,1.0,1.0,0.99999815,0.99999994,0.9999996,-1.0,1.0,-0.9999994,1.0,1.0,1.0,-1.0,1.0,-1.0,-0.99999964,1.0,-1.0,1.0,-0.99999887,-1.0,-1.0,-1.0,-1.0,1.0,-0.99989,-1.0,-1.0,1.0,-0.9999919,1.0,1.0,1.0,0.99999964,-1.0,-1.0,0.99995834,-1.0,1.0,1
-0.9392133,0.9909959,0.9652983,0.9025358,0.96157527,0.9295878,-0.99909425,0.98523605,-0.92267066,0.99724257,0.9949767,0.9987966,-0.99561816,0.99724674,-0.99724233,-0.9406363,0.9899463,-0.9889002,0.97668797,-0.917786,-0.99977803,-0.9970813,-0.99817073,-0.99736303,0.97374266,-0.8025703,-0.98029566,-0.99175566,0.9958424,-0.86951303,0.9990446,0.9723983,0.9963233,0.93103695,-0.9993017,-0.9834167,0.81700355,-0.9763371,0.9715357,1
-1.0,1.0,1.0,0.99999994,1.0,1.0,-1.0,1.0,-1.0,1.0,1.0,1.0,-1.0,1.0,-1.0,-1.0,1.0,-1.0,1.0,-1.0,-1.0,-1.0,-1.0,-1.0,1.0,-0.9999931,-1.0,-1.0,1.0,-0.9999996,1.0,1.0,1.0,1.0,-1.0,-1.0,0.999998,-1.0,1.0,0
-0.99472964,0.99978316,0.99790156,0.9875488,0.9974791,0.9928696,-0.99999595,0.9995515,-0.9919374,0.9999738,0.9999282,0.9999935,-0.99994344,0.999974,-0.999973,-0.9943352,0.9997612,-0.9997368,0.9988957,-0.9902348,-0.99999964,-0.99997574,-0.9999878,-0.999975,0.9987318,-0.9515651,-0.9992558,-0.99980676,0.9999467,-0.97896755,0.99999565,0.99849486,0.9999549,0.9934041,-0.9999976,-0.9994246,0.96144605,-0.99883944,0.99853766,1
-0.99840564,0.99997276,0.9996818,0.99606454,0.9994722,0.99788505,-0.9999999,0.9999418,-0.99768907,0.9999981,0.99999255,0.99999964,-0.9999961,0.99999833,-0.99999845,-0.9982334,0.99996626,-0.9999757,0.9998278,-0.9971849,-1.0,-0.9999987,-0.99999934,-0.99999833,0.99979347,-0.9774395,-0.99990267,-0.9999771,0.99999595,-0.9945869,0.9999998,0.9997052,0.99999624,0.99839205,-0.99999994,-0.9999105,0.98352325,-0.99979764,0.9996841,0
-0.9993633,0.9999933,0.999886,0.9982593,0.99981767,0.9991056,-1.0,0.9999853,-0.99902195,0.9999997,0.99999857,0.99999994,-0.9999993,0.9999997,-0.9999997,-0.999295,0.99999225,-0.99999404,0.9999475,-0.9987824,-1.0,-0.99999976,-0.9999999,-0.9999997,0.9999367,-0.9868191,-0.9999716,-0.9999948,0.9999993,-0.99733484,1.0,0.99990404,0.9999993,0.99937063,-1.0,-0.9999744,0.99139404,-0.99993336,0.99990076,0
-0.99992377,0.9999997,0.99998766,0.9996869,0.9999786,0.9998765,-1.0,0.9999991,-0.9998563,1.0,0.99999994,1.0,-1.0,1.0,-1.0,-0.9999024,0.99999964,-0.9999997,0.99999523,-0.9997799,-1.0,-1.0,-1.0,-1.0,0.9999948,-0.9961508,-0.99999803,-0.99999976,1.0,-0.9993865,1.0,0.9999918,1.0,0.9999066,-1.0,-0.99999833,0.9978166,-0.99999475,0.99999166,1
-1.0,1.0,1.0,1.0,1.0,1.0,-1.0,1.0,-1.0,1.0,1.0,1.0,-1.0,1.0,-1.0,-1.0,1.0,-1.0,1.0,-1.0,-1.0,-1.0,-1.0,-1.0,1.0,-0.9999992,-1.0,-1.0,1.0,-1.0,1.0,1.0,1.0,1.0,-1.0,-1.0,0.9999998,-1.0,1.0,1
-0.9941166,0.9998097,0.99858844,0.98844224,0.99784833,0.9929679,-0.9999975,0.999643,-0.9919982,0.9999775,0.99993014,0.9999948,-0.99996144,0.99998057,-0.9999813,-0.99375963,0.9997694,-0.99982053,0.9990988,-0.9916957,-0.99999976,-0.99998355,-0.99999106,-0.9999803,0.99900794,-0.951559,-0.9994543,-0.9998361,0.9999598,-0.985338,0.9999968,0.9986584,0.9999626,0.99453557,-0.9999985,-0.99946773,0.96174544,-0.99898195,0.9984792,1
-0.995757,0.9998786,0.9990219,0.9907604,0.9985311,0.99453616,-0.9999988,0.9997635,-0.99434197,0.99998754,0.99995863,0.9999972,-0.99997795,0.99998945,-0.9999894,-0.9953094,0.9998532,-0.99988586,0.9994297,-0.9931406,-0.9999999,-0.9999915,-0.99999535,-0.99998945,0.99932206,-0.95847684,-0.9996441,-0.9998958,0.9999772,-0.98812485,0.9999984,0.9990451,0.9999786,0.9960424,-0.9999993,-0.9996556,0.96845925,-0.9993012,0.9988739,1
-0.9528348,0.99407804,0.9781702,0.9231188,0.9731772,0.9458891,-0.99957365,0.9909126,-0.94157755,0.9984424,0.99677813,0.99933416,-0.9976682,0.99851733,-0.9985297,-0.9520217,0.993457,-0.99374473,0.98470014,-0.938549,-0.99990445,-0.99857575,-0.9990454,-0.99857265,0.98262924,-0.8300118,-0.98783445,-0.9948488,0.99772924,-0.90522444,0.999545,0.9808089,0.99788463,0.9496711,-0.9996837,-0.98903584,0.83907175,-0.9834289,0.97827077,1
-0.99999726,1.0,0.99999964,0.9999806,0.9999993,0.9999945,-1.0,1.0,-0.9999931,1.0,1.0,1.0,-1.0,1.0,-1.0,-0.9999961,1.0,-1.0,0.9999999,-0.99998754,-1.0,-1.0,-1.0,-1.0,0.9999999,-0.99951005,-0.99999994,-1.0,1.0,-0.9999415,1.0,0.9999998,1.0,0.9999949,-1.0,-1.0,0.99975926,-0.9999999,0.9999998,1
-1.0,1.0,1.0,1.0,1.0,1.0,-1.0,1.0,-1.0,1.0,1.0,1.0,-1.0,1.0,-1.0,-1.0,1.0,-1.0,1.0,-1.0,-1.0,-1.0,-1.0,-1.0,1.0,-1.0,-1.0,-1.0,1.0,-1.0,1.0,1.0,1.0,1.0,-1.0,-1.0,1.0,-1.0,1.0,1
-0.7255066,0.90248775,0.81493485,0.6650231,0.8084102,0.7077048,-0.97185296,0.8664927,-0.6898194,0.9430815,0.9200866,0.9646554,-0.9323228,0.9450608,-0.94864416,-0.73680997,0.89133567,-0.8853692,0.8462329,-0.704845,-0.9851918,-0.9433342,-0.9541216,-0.94760084,0.8303289,-0.5485325,-0.85333306,-0.9047022,0.9354937,-0.6312617,0.9695886,0.8230489,0.93861055,0.7266613,-0.9749447,-0.8603276,0.5368989,-0.8422115,0.803313,1
-0.9999995,1.0,0.99999994,0.99999577,0.9999999,0.999999,-1.0,1.0,-0.9999986,1.0,1.0,1.0,-1.0,1.0,-1.0,-0.99999934,1.0,-1.0,1.0,-0.99999744,-1.0,-1.0,-1.0,-1.0,1.0,-0.99983096,-1.0,-1.0,1.0,-0.9999814,1.0,1.0,1.0,0.99999905,-1.0,-1.0,0.99992996,-1.0,1.0,0
-0.9997066,0.9999977,0.99994636,0.9990237,0.9999039,0.99956447,-1.0,0.99999446,-0.99950165,0.99999994,0.9999995,1.0,-0.99999976,0.99999994,-0.99999994,-0.99964046,0.99999714,-0.99999785,0.9999742,-0.99933714,-1.0,-0.99999994,-1.0,-0.99999994,0.9999725,-0.9917976,-0.99998796,-0.9999982,0.99999976,-0.9983765,1.0,0.99995875,0.9999998,0.99965644,-1.0,-0.99998987,0.99461365,-0.99997264,0.9999587,1
-0.9637569,0.99676675,0.9879331,0.94413334,0.9842725,0.96022886,-0.99985063,0.9948381,-0.9579213,0.99924755,0.99831384,0.9997214,-0.9989743,0.9993427,-0.9993656,-0.96373063,0.9962703,-0.9969094,0.99175483,-0.9554813,-0.9999671,-0.9994171,-0.9996125,-0.9993528,0.99009526,-0.857787,-0.99354595,-0.9971545,0.99893016,-0.9380781,0.9998161,0.98773474,0.9989793,0.9683776,-0.9998926,-0.99342173,0.87364584,-0.98978025,0.9852075,1
-0.9989652,0.9999842,0.99976903,0.99719363,0.9996533,0.99849445,-0.99999994,0.99996454,-0.99839866,0.99999905,0.99999624,0.9999998,-0.99999774,0.9999991,-0.9999991,-0.9988192,0.9999815,-0.9999845,0.999886,-0.9979766,-1.0,-0.9999993,-0.9999997,-0.9999991,0.99986476,-0.981867,-0.99993676,-0.9999868,0.99999774,-0.99556404,0.99999994,0.99980825,0.999998,0.9988051,-0.99999994,-0.9999424,0.9866759,-0.9998665,0.9997988,1
-1.0,1.0,1.0,0.9999998,1.0,0.99999994,-1.0,1.0,-0.99999994,1.0,1.0,1.0,-1.0,1.0,-1.0,-1.0,1.0,-1.0,1.0,-0.9999999,-1.0,-1.0,-1.0,-1.0,1.0,-0.99998116,-1.0,-1.0,1.0,-0.9999988,1.0,1.0,1.0,0.99999994,-1.0,-1.0,0.9999939,-1.0,1.0,1
-0.9999999,1.0,1.0,0.9999983,0.99999994,0.99999964,-1.0,1.0,-0.9999996,1.0,1.0,1.0,-1.0,1.0,-1.0,-0.99999976,1.0,-1.0,1.0,-0.999999,-1.0,-1.0,-1.0,-1.0,1.0,-0.9999184,-1.0,-1.0,1.0,-0.9999911,1.0,1.0,1.0,0.9999996,-1.0,-1.0,0.9999666,-1.0,1.0,1
-1.0,1.0,1.0,0.99999994,1.0,1.0,-1.0,1.0,-1.0,1.0,1.0,1.0,-1.0,1.0,-1.0,-1.0,1.0,-1.0,1.0,-0.99999994,-1.0,-1.0,-1.0,-1.0,1.0,-0.999992,-1.0,-1.0,1.0,-0.9999995,1.0,1.0,1.0,1.0,-1.0,-1.0,0.9999974,-1.0,1.0,0
-1.0,1.0,1.0,1.0,1.0,1.0,-1.0,1.0,-1.0,1.0,1.0,1.0,-1.0,1.0,-1.0,-1.0,1.0,-1.0,1.0,-1.0,-1.0,-1.0,-1.0,-1.0,1.0,-1.0,-1.0,-1.0,1.0,-1.0,1.0,1.0,1.0,1.0,-1.0,-1.0,1.0,-1.0,1.0,1
-0.9839393,0.99899185,0.9945949,0.9703188,0.99296963,0.9804592,-0.99997056,0.9982603,-0.9792459,0.9998321,0.99956405,0.99994636,-0.9997191,0.9998424,-0.9998516,-0.9839265,0.99886376,-0.99901056,0.9964241,-0.97772104,-0.9999956,-0.9998626,-0.99991995,-0.999849,0.99603146,-0.9035499,-0.99753875,-0.9991153,0.99972284,-0.9639059,0.9999647,0.9950658,0.99973834,0.98460066,-0.99998057,-0.9977081,0.92083675,-0.99621385,0.9947592,1
-1.0,1.0,1.0,1.0,1.0,1.0,-1.0,1.0,-1.0,1.0,1.0,1.0,-1.0,1.0,-1.0,-1.0,1.0,-1.0,1.0,-1.0,-1.0,-1.0,-1.0,-1.0,1.0,-0.99999875,-1.0,-1.0,1.0,-0.99999994,1.0,1.0,1.0,1.0,-1.0,-1.0,0.99999964,-1.0,1.0,1
-0.5853284,0.8032589,0.70010465,0.5354416,0.694491,0.56996495,-0.9164735,0.74474746,-0.54456294,0.86050385,0.81969035,0.9024528,-0.8464941,0.8655192,-0.87664974,-0.60142964,0.78088635,-0.76914585,0.7291463,-0.582022,-0.9463635,-0.85745424,-0.8762341,-0.8736645,0.71052694,-0.43645608,-0.7378525,-0.8045249,0.84978783,-0.5077848,0.9126868,0.7048354,0.8568835,0.598986,-0.92395794,-0.7434736,0.4093436,-0.7221845,0.66470414,0
-0.9976729,0.9999468,0.9994082,0.9944611,0.99916244,0.99686164,-0.9999995,0.99988794,-0.996554,0.99999547,0.99998486,0.9999991,-0.99999076,0.9999959,-0.9999958,-0.99739516,0.99993575,-0.9999445,0.99968135,-0.9959097,-1.0,-0.9999965,-0.99999833,-0.9999959,0.9996405,-0.9717248,-0.9998123,-0.9999544,0.99999017,-0.99133533,0.99999946,0.9994937,0.9999915,0.99747956,-0.99999976,-0.9998266,0.9766389,-0.9996268,0.9994606,1
-0.99998105,0.99999994,0.9999968,0.9999011,0.9999945,0.9999658,-1.0,0.9999999,-0.99995875,1.0,1.0,1.0,-1.0,1.0,-1.0,-0.9999747,0.99999994,-0.99999994,0.9999989,-0.9999338,-1.0,-1.0,-1.0,-1.0,0.9999988,-0.99830276,-0.9999996,-0.99999994,1.0,-0.9997423,1.0,0.9999982,1.0,0.99996954,-1.0,-0.9999997,0.9990779,-0.999999,0.9999984,1
-1.0,1.0,1.0,1.0,1.0,1.0,-1.0,1.0,-1.0,1.0,1.0,1.0,-1.0,1.0,-1.0,-1.0,1.0,-1.0,1.0,-1.0,-1.0,-1.0,-1.0,-1.0,1.0,-0.9999984,-1.0,-1.0,1.0,-0.99999994,1.0,1.0,1.0,1.0,-1.0,-1.0,0.9999996,-1.0,1.0,1
-0.9974885,0.99994004,0.9993065,0.99387103,0.99902606,0.9967112,-0.99999946,0.999872,-0.99625427,0.9999947,0.99998206,0.99999887,-0.9999884,0.99999505,-0.99999505,-0.9972918,0.9999294,-0.9999341,0.9996161,-0.9955363,-0.99999994,-0.9999957,-0.999998,-0.99999505,0.9996003,-0.96978015,-0.9997757,-0.99994713,0.9999883,-0.99038595,0.99999934,0.9994473,0.99999017,0.9972044,-0.9999997,-0.99979705,0.97693855,-0.9996212,0.9994362,1
-1.0,1.0,1.0,0.9999999,1.0,1.0,-1.0,1.0,-1.0,1.0,1.0,1.0,-1.0,1.0,-1.0,-1.0,1.0,-1.0,1.0,-0.99999994,-1.0,-1.0,-1.0,-1.0,1.0,-0.9999872,-1.0,-1.0,1.0,-0.99999917,1.0,1.0,1.0,1.0,-1.0,-1.0,0.99999547,-1.0,1.0,0
-0.99999994,1.0,1.0,0.9999989,1.0,0.99999976,-1.0,1.0,-0.9999997,1.0,1.0,1.0,-1.0,1.0,-1.0,-0.9999999,1.0,-1.0,1.0,-0.99999934,-1.0,-1.0,-1.0,-1.0,1.0,-0.9999386,-1.0,-1.0,1.0,-0.99999386,1.0,1.0,1.0,0.99999976,-1.0,-1.0,0.99997735,-1.0,1.0,0
-0.79502636,0.95127076,0.9053935,0.7611057,0.8821124,0.7940387,-0.99139255,0.9333134,-0.78520197,0.97605217,0.9613209,0.9865798,-0.97428006,0.97873867,-0.9808259,-0.80782586,0.94041294,-0.9505057,0.917971,-0.79562193,-0.99599326,-0.9798315,-0.98340696,-0.9793814,0.9079784,-0.62473863,-0.9259362,-0.9522992,0.9723586,-0.76516426,0.98969364,0.89578444,0.974307,0.8266299,-0.9926742,-0.92592555,0.6364706,-0.9087529,0.8751774,1
-1.0,1.0,1.0,1.0,1.0,1.0,-1.0,1.0,-1.0,1.0,1.0,1.0,-1.0,1.0,-1.0,-1.0,1.0,-1.0,1.0,-1.0,-1.0,-1.0,-1.0,-1.0,1.0,-0.99999964,-1.0,-1.0,1.0,-1.0,1.0,1.0,1.0,1.0,-1.0,-1.0,0.99999994,-1.0,1.0,1
-0.9999972,1.0,0.99999964,0.9999809,0.99999934,0.9999944,-1.0,1.0,-0.9999928,1.0,1.0,1.0,-1.0,1.0,-1.0,-0.99999624,1.0,-1.0,0.9999999,-0.99998784,-1.0,-1.0,-1.0,-1.0,0.9999999,-0.9994986,-0.99999994,-1.0,1.0,-0.999938,1.0,0.9999998,1.0,0.9999953,-1.0,-1.0,0.9997632,-0.9999999,0.9999999,1
-0.9999999,1.0,1.0,0.9999989,1.0,0.99999976,-1.0,1.0,-0.9999997,1.0,1.0,1.0,-1.0,1.0,-1.0,-0.9999999,1.0,-1.0,1.0,-0.99999934,-1.0,-1.0,-1.0,-1.0,1.0,-0.99993515,-1.0,-1.0,1.0,-0.99999535,1.0,1.0,1.0,0.9999998,-1.0,-1.0,0.9999762,-1.0,1.0,1
-0.99995226,0.9999998,0.99999285,0.9997976,0.99998605,0.99992406,-1.0,0.9999996,-0.9999122,1.0,1.0,1.0,-1.0,1.0,-1.0,-0.9999427,0.9999998,-0.9999999,0.9999974,-0.99986774,-1.0,-1.0,-1.0,-1.0,0.9999967,-0.9971506,-0.99999887,-0.9999999,1.0,-0.99957776,1.0,0.9999953,1.0,0.999931,-1.0,-0.9999992,0.9984059,-0.9999968,0.99999535,1
-0.905766,0.98524123,0.96236736,0.8728376,0.95258415,0.90119207,-0.9985802,0.9790525,-0.89805204,0.99493086,0.9904756,0.9975894,-0.9938155,0.9955612,-0.99570644,-0.9088046,0.9829233,-0.98573065,0.97101086,-0.89692295,-0.9995425,-0.99584043,-0.99692994,-0.9958154,0.96560985,-0.7577228,-0.9746975,-0.98682463,0.99367416,-0.86572933,0.99832857,0.96029687,0.99395645,0.91755366,-0.99888456,-0.97487754,0.7657549,-0.9644463,0.9515353,0
-0.9712213,0.9973496,0.9872618,0.9514168,0.9847231,0.9656534,-0.99985445,0.9954303,-0.960403,0.99938184,0.9986757,0.99977773,-0.99903893,0.9994041,-0.9994286,-0.97005886,0.9969669,-0.99692184,0.9914371,-0.9600263,-0.9999743,-0.9994358,-0.99965096,-0.9994291,0.9908349,-0.8691552,-0.99369794,-0.9975627,0.9990317,-0.93449265,0.99984163,0.98934424,0.9991142,0.9702007,-0.999896,-0.9942239,0.88769513,-0.9910101,0.98838526,0
-0.99995244,0.9999998,0.9999888,0.9997755,0.99998313,0.999917,-1.0,0.9999994,-0.9998938,1.0,1.0,1.0,-1.0,1.0,-1.0,-0.9999403,0.9999998,-0.99999976,0.9999961,-0.99985003,-1.0,-1.0,-1.0,-1.0,0.999996,-0.997134,-0.9999984,-0.9999999,1.0,-0.99937284,1.0,0.9999944,1.0,0.9999222,-1.0,-0.999999,0.99837226,-0.9999964,0.9999952,1
-0.70425963,0.8997571,0.83454365,0.66348267,0.81706893,0.6932686,-0.97405046,0.8679371,-0.6846629,0.94106364,0.9160742,0.9632915,-0.93714017,0.94611347,-0.95050853,-0.71762043,0.88472235,-0.8937532,0.8566008,-0.7024523,-0.98521245,-0.9470538,-0.9558431,-0.94902736,0.8347994,-0.5346563,-0.8639148,-0.90411955,0.9376465,-0.65922457,0.96998274,0.82261133,0.93855757,0.736387,-0.97735,-0.85764176,0.52595645,-0.8383268,0.7822064,0
-0.9158745,0.98900497,0.9713214,0.8891652,0.9613931,0.9137419,-0.99915826,0.9838538,-0.9110582,0.9964115,0.9928405,0.99841964,-0.99587625,0.99700445,-0.9972172,-0.92048234,0.98671436,-0.9900842,0.97753435,-0.91020757,-0.999725,-0.9972665,-0.9979947,-0.99709535,0.97365385,-0.7721999,-0.98126656,-0.9897429,0.9955429,-0.8910544,0.9989148,0.9676045,0.9957698,0.9333828,-0.9993374,-0.9806093,0.78654695,-0.9726158,0.960462,1
-0.9999043,0.9999995,0.99998134,0.9996251,0.99997133,0.9998459,-1.0,0.9999987,-0.99980927,1.0,0.99999994,1.0,-0.99999994,1.0,-1.0,-0.99988073,0.99999946,-0.9999995,0.9999936,-0.99973416,-1.0,-1.0,-1.0,-1.0,0.9999923,-0.9957509,-0.9999969,-0.99999964,0.99999994,-0.999156,1.0,0.9999887,0.99999994,0.9998699,-1.0,-0.99999756,0.99739856,-0.9999923,0.99998873,1
-0.99484587,0.9997949,0.9982673,0.98782855,0.9976536,0.9929904,-0.9999969,0.9996003,-0.99249536,0.9999759,0.9999285,0.99999416,-0.99995106,0.99997777,-0.9999777,-0.9941541,0.9997675,-0.99978,0.9989996,-0.9905716,-0.9999997,-0.9999808,-0.99998933,-0.9999784,0.99887675,-0.95246834,-0.99936754,-0.9998256,0.9999531,-0.9819799,0.9999964,0.99863815,0.9999599,0.99380904,-0.99999815,-0.999441,0.9629184,-0.99897134,0.99843234,0
-0.99806297,0.9999493,0.9993136,0.99455583,0.9990667,0.9971978,-0.9999995,0.9998898,-0.9967697,0.99999595,0.9999858,0.99999917,-0.9999898,0.99999595,-0.9999956,-0.997861,0.9999447,-0.99993944,0.9996592,-0.99598587,-1.0,-0.99999624,-0.9999983,-0.999996,0.9996128,-0.97242206,-0.99979275,-0.99995923,0.9999899,-0.990181,0.9999995,0.99954325,0.9999923,0.997258,-0.99999976,-0.9998453,0.9804644,-0.9996487,0.999532,0
-0.9729903,0.99781346,0.9908838,0.9533413,0.9877261,0.96900064,-0.9999167,0.9963781,-0.9683694,0.9995526,0.9989222,0.99983704,-0.99933267,0.99959606,-0.9996033,-0.972807,0.9974343,-0.99789757,0.9938516,-0.96449447,-0.99998343,-0.9996496,-0.99976844,-0.9996069,0.99251664,-0.8715583,-0.9952486,-0.9980716,0.9993238,-0.9475697,0.99989605,0.9914222,0.9993539,0.9737751,-0.9999399,-0.9954344,0.8955077,-0.99261314,0.9892698,1
-0.9999853,1.0,0.99999815,0.99992883,0.99999654,0.9999747,-1.0,0.99999994,-0.9999679,1.0,1.0,1.0,-1.0,1.0,-1.0,-0.9999806,1.0,-1.0,0.9999994,-0.999952,-1.0,-1.0,-1.0,-1.0,0.9999994,-0.9986357,-0.99999976,-1.0,1.0,-0.999825,1.0,0.99999887,1.0,0.999982,-1.0,-0.9999998,0.99932796,-0.99999934,0.999999,1
-1.0,1.0,1.0,1.0,1.0,1.0,-1.0,1.0,-1.0,1.0,1.0,1.0,-1.0,1.0,-1.0,-1.0,1.0,-1.0,1.0,-1.0,-1.0,-1.0,-1.0,-1.0,1.0,-1.0,-1.0,-1.0,1.0,-1.0,1.0,1.0,1.0,1.0,-1.0,-1.0,1.0,-1.0,1.0,1
-1.0,1.0,1.0,0.99999994,1.0,1.0,-1.0,1.0,-1.0,1.0,1.0,1.0,-1.0,1.0,-1.0,-1.0,1.0,-1.0,1.0,-0.99999994,-1.0,-1.0,-1.0,-1.0,1.0,-0.9999904,-1.0,-1.0,1.0,-0.9999995,1.0,1.0,1.0,1.0,-1.0,-1.0,0.9999969,-1.0,1.0,1
-0.99692446,0.9999169,0.99917,0.99281466,0.9987403,0.9958343,-0.99999917,0.99983835,-0.99523884,0.99999213,0.9999736,0.9999984,-0.99998474,0.9999927,-0.99999315,-0.99658066,0.99990195,-0.99991894,0.9995168,-0.9944587,-0.99999994,-0.9999939,-0.9999971,-0.99999297,0.9994781,-0.96561944,-0.9997179,-0.9999317,0.9999844,-0.98965913,0.99999905,0.9992825,0.9999863,0.9967242,-0.9999995,-0.99976,0.9739095,-0.99950206,0.99928105,1
-0.99999994,1.0,1.0,0.99999934,1.0,0.9999999,-1.0,1.0,-0.9999998,1.0,1.0,1.0,-1.0,1.0,-1.0,-0.9999999,1.0,-1.0,1.0,-0.99999964,-1.0,-1.0,-1.0,-1.0,1.0,-0.9999554,-1.0,-1.0,1.0,-0.9999972,1.0,1.0,1.0,0.9999999,-1.0,-1.0,0.99998254,-1.0,1.0,1
-0.9999248,0.99999964,0.9999829,0.99967724,0.9999739,0.99986726,-1.0,0.99999887,-0.9998443,1.0,0.99999994,1.0,-0.99999994,1.0,-1.0,-0.99990416,0.9999996,-0.9999996,0.99999386,-0.99976385,-1.0,-1.0,-1.0,-1.0,0.99999297,-0.9961118,-0.9999974,-0.9999997,0.99999994,-0.9992373,1.0,0.9999905,1.0,0.9998744,-1.0,-0.9999981,0.9976575,-0.9999941,0.9999913,1
-0.9983225,0.9999703,0.9996695,0.9959467,0.99944663,0.99782777,-0.9999998,0.9999402,-0.99761254,0.99999785,0.9999919,0.99999964,-0.99999577,0.9999982,-0.99999815,-0.9980059,0.99996394,-0.9999741,0.9998187,-0.99703884,-1.0,-0.99999857,-0.9999993,-0.9999982,0.99978894,-0.97665405,-0.99990076,-0.99997646,0.9999956,-0.99424917,0.9999998,0.9997087,0.9999958,0.99836105,-0.99999994,-0.9999069,0.98312604,-0.99976844,0.999644,1
-0.9999001,0.9999995,0.9999825,0.99959373,0.9999714,0.9998298,-1.0,0.9999986,-0.9998059,1.0,0.99999994,1.0,-0.99999994,1.0,-1.0,-0.9998742,0.99999946,-0.9999995,0.9999933,-0.9997202,-1.0,-1.0,-1.0,-1.0,0.99999243,-0.9955178,-0.999997,-0.99999964,0.99999994,-0.99917686,1.0,0.99998856,0.99999994,0.9998732,-1.0,-0.9999975,0.9974598,-0.9999924,0.99998814,1
-0.9911871,0.9996583,0.9979969,0.98329616,0.99687266,0.98985994,-0.99999464,0.99941534,-0.9891482,0.9999548,0.99986446,0.99998796,-0.999931,0.99996156,-0.99996305,-0.9909346,0.99957484,-0.9997061,0.9986883,-0.9879989,-0.9999994,-0.99996865,-0.99998164,-0.99996287,0.9985015,-0.93847257,-0.9991391,-0.9997161,0.99992603,-0.981116,0.99999315,0.99792296,0.9999294,0.9924283,-0.9999967,-0.99914974,0.9518137,-0.9983494,0.9974639,1
-0.99991935,0.9999997,0.99998707,0.99968004,0.99997705,0.99987465,-1.0,0.9999991,-0.99984586,1.0,0.99999994,1.0,-1.0,1.0,-1.0,-0.9999008,0.99999964,-0.9999997,0.99999505,-0.9997796,-1.0,-1.0,-1.0,-1.0,0.99999475,-0.9960983,-0.9999979,-0.99999976,1.0,-0.999391,1.0,0.99999154,1.0,0.999904,-1.0,-0.9999983,0.99781203,-0.99999464,0.99999183,1
-0.9998933,0.99999946,0.99997634,0.999577,0.9999651,0.9998232,-1.0,0.9999983,-0.9997883,1.0,0.99999994,1.0,-0.99999994,1.0,-1.0,-0.9998669,0.99999934,-0.99999934,0.99999124,-0.9997027,-1.0,-1.0,-1.0,-1.0,0.99999046,-0.99534655,-0.9999961,-0.9999995,0.99999994,-0.9990013,1.0,0.9999864,0.99999994,0.99984676,-1.0,-0.99999714,0.99721456,-0.9999905,0.9999879,1
-0.99974114,0.99999803,0.99994355,0.99912393,0.9999083,0.9996209,-1.0,0.9999948,-0.9995471,0.99999994,0.99999964,1.0,-0.99999976,0.99999994,-0.99999994,-0.99966943,0.9999976,-0.999998,0.99997646,-0.9993896,-1.0,-0.99999994,-1.0,-0.99999994,0.9999747,-0.99207866,-0.9999889,-0.99999845,0.99999976,-0.9982582,1.0,0.9999637,0.9999998,0.9996696,-1.0,-0.9999911,0.9950593,-0.9999741,0.99996454,0
-0.9869276,0.9992303,0.9952184,0.9750044,0.99374014,0.9841178,-0.99997824,0.99861634,-0.9827762,0.99987715,0.9996762,0.99996173,-0.99977666,0.9998814,-0.99988365,-0.9865058,0.99913895,-0.9991904,0.9971427,-0.98019123,-0.9999972,-0.9998969,-0.9999386,-0.99988276,0.9965942,-0.9207931,-0.9979299,-0.9993367,0.99978405,-0.9644563,0.99997544,0.9960576,0.9998096,0.9857569,-0.9999859,-0.9981997,0.9348035,-0.9969499,0.9956939,0
-0.99990493,0.9999996,0.9999814,0.99964166,0.99997056,0.9998502,-1.0,0.99999875,-0.99981827,1.0,0.99999994,1.0,-0.99999994,1.0,-1.0,-0.9998857,0.9999995,-0.9999995,0.99999315,-0.9997507,-1.0,-1.0,-1.0,-1.0,0.9999923,-0.9958356,-0.99999696,-0.99999964,0.99999994,-0.9991901,1.0,0.9999889,0.99999994,0.99987394,-1.0,-0.9999978,0.9973532,-0.99999297,0.99999,1
-0.7106209,0.91394746,0.8584593,0.6842384,0.8307101,0.7189695,-0.9798782,0.88698244,-0.7085696,0.9510257,0.92577696,0.96966285,-0.95022625,0.9558506,-0.9605764,-0.7300505,0.89620316,-0.91249967,0.87171644,-0.72782505,-0.9889108,-0.95871043,-0.96418494,-0.9580805,0.8569367,-0.5538681,-0.88119316,-0.91614854,0.94719994,-0.6938231,0.9763709,0.84108096,0.9490618,0.76075524,-0.98236436,-0.8761989,0.5485472,-0.85873103,0.8053753,1
