{
    "original_columns": [
        "A1",
        "A2",
        "A3",
        "A4",
        "A5",
        "A6",
        "A7",
        "A8",
        "A9",
        "A10",
        "A11",
        "A12",
        "A13",
        "A14",
        "A15",
        "class"
    ],
    "categorical_columns": [
        "A1",
        "A2",
        "A3",
        "A4",
        "A5",
        "A6",
        "A7",
        "A8",
        "A9",
        "A10",
        "A11",
        "A12",
        "A13",
        "A14",
        "A15",
        "class"
    ],
    "encoding_method": "ordinal",
    "mappings": {
        "A1": [
            "a",
            "b",
            "missing"
        ],
        "A2": [
            "'\\'(-inf-38.96]\\''",
            "'\\'(38.96-inf)\\''",
            "missing"
        ],
        "A3": [
            "'\\'(-inf-4.2075]\\''",
            "'\\'(4.2075-inf)\\''"
        ],
        "A4": [
            "l",
            "missing",
            "u",
            "y"
        ],
        "A5": [
            "g",
            "gg",
            "missing",
            "p"
        ],
        "A6": [
            "aa",
            "c",
            "cc",
            "d",
            "e",
            "ff",
            "i",
            "j",
            "k",
            "m",
            "missing",
            "q",
            "r",
            "w",
            "x"
        ],
        "A7": [
            "bb",
            "dd",
            "ff",
            "h",
            "j",
            "missing",
            "n",
            "o",
            "v",
            "z"
        ],
        "A8": [
            "'\\'(-inf-1.02]\\''",
            "'\\'(1.02-inf)\\''"
        ],
        "A9": [
            "f",
            "t"
        ],
        "A10": [
            "f",
            "t"
        ],
        "A11": [
            "'\\'(-inf-0.5]\\''",
            "'\\'(0.5-2.5]\\''",
            "'\\'(2.5-inf)\\''"
        ],
        "A12": [
            "f",
            "t"
        ],
        "A13": [
            "g",
            "p",
            "s"
        ],
        "A14": [
            "'\\'(-inf-105]\\''",
            "'\\'(105-inf)\\''",
            "missing"
        ],
        "A15": [
            "'\\'(-inf-492]\\''",
            "'\\'(492-inf)\\''"
        ],
        "class": [
            "n",
            "y"
        ]
    }
}