{
    "original_columns": [
        "a1",
        "a2",
        "a3",
        "a4",
        "a5",
        "a6",
        "b1",
        "b2",
        "b3",
        "b4",
        "b5",
        "b6",
        "c1",
        "c2",
        "c3",
        "c4",
        "c5",
        "c6",
        "d1",
        "d2",
        "d3",
        "d4",
        "d5",
        "d6",
        "e1",
        "e2",
        "e3",
        "e4",
        "e5",
        "e6",
        "f1",
        "f2",
        "f3",
        "f4",
        "f5",
        "f6",
        "g1",
        "g2",
        "g3",
        "g4",
        "g5",
        "g6",
        "class"
    ],
    "categorical_columns": [
        "a1",
        "a2",
        "a3",
        "a4",
        "a5",
        "a6",
        "b1",
        "b2",
        "b3",
        "b4",
        "b5",
        "b6",
        "c1",
        "c2",
        "c3",
        "c4",
        "c5",
        "c6",
        "d1",
        "d2",
        "d3",
        "d4",
        "d5",
        "d6",
        "e1",
        "e2",
        "e3",
        "e4",
        "e5",
        "e6",
        "f1",
        "f2",
        "f3",
        "f4",
        "f5",
        "f6",
        "g1",
        "g2",
        "g3",
        "g4",
        "g5",
        "g6",
        "class"
    ],
    "encoding_method": "ordinal",
    "mappings": {
        "a1": [
            "b",
            "o",
            "x"
        ],
        "a2": [
            "b",
            "o",
            "x"
        ],
        "a3": [
            "b",
            "o",
            "x"
        ],
        "a4": [
            "b",
            "o",
            "x"
        ],
        "a5": [
            "b",
            "o",
            "x"
        ],
        "a6": [
            "b",
            "o",
            "x"
        ],
        "b1": [
            "b",
            "o",
            "x"
        ],
        "b2": [
            "b",
            "o",
            "x"
        ],
        "b3": [
            "b",
            "o",
            "x"
        ],
        "b4": [
            "b",
            "o",
            "x"
        ],
        "b5": [
            "b",
            "o",
            "x"
        ],
        "b6": [
            "b",
            "o",
            "x"
        ],
        "c1": [
            "b",
            "o",
            "x"
        ],
        "c2": [
            "b",
            "o",
            "x"
        ],
        "c3": [
            "b",
            "o",
            "x"
        ],
        "c4": [
            "b",
            "o",
            "x"
        ],
        "c5": [
            "b",
            "o",
            "x"
        ],
        "c6": [
            "b",
            "o",
            "x"
        ],
        "d1": [
            "b",
            "o",
            "x"
        ],
        "d2": [
            "b",
            "o",
            "x"
        ],
        "d3": [
            "b",
            "o",
            "x"
        ],
        "d4": [
            "b",
            "o",
            "x"
        ],
        "d5": [
            "b",
            "o",
            "x"
        ],
        "d6": [
            "b",
            "o",
            "x"
        ],
        "e1": [
            "b",
            "o",
            "x"
        ],
        "e2": [
            "b",
            "o",
            "x"
        ],
        "e3": [
            "b",
            "o",
            "x"
        ],
        "e4": [
            "b",
            "o",
            "x"
        ],
        "e5": [
            "b",
            "o",
            "x"
        ],
        "e6": [
            "b",
            "o",
            "x"
        ],
        "f1": [
            "b",
            "o",
            "x"
        ],
        "f2": [
            "b",
            "o",
            "x"
        ],
        "f3": [
            "b",
            "o",
            "x"
        ],
        "f4": [
            "b",
            "o",
            "x"
        ],
        "f5": [
            "b",
            "o",
            "x"
        ],
        "f6": [
            "b",
            "o",
            "x"
        ],
        "g1": [
            "b",
            "o",
            "x"
        ],
        "g2": [
            "b",
            "o",
            "x"
        ],
        "g3": [
            "b",
            "o",
            "x"
        ],
        "g4": [
            "b",
            "o",
            "x"
        ],
        "g5": [
            "b",
            "o",
            "x"
        ],
        "g6": [
            "b",
            "o",
            "x"
        ],
        "class": [
            "draw",
            "loss",
            "win"
        ]
    }
}