ID,Age,Experience,Income,ZIP Code,Family,CCAvg,Education,Mortgage,Securities Account,CD Account,Online,CreditCard,Personal Loan
5499.9,18.6,-7.6000000000000005,245.6,105385.4,2,2/60,3,698.5,1,0,1,1,1
5499.9,18.6,-7.6000000000000005,245.6,105385.4,4,5/10,3,698.5,1,1,0,0,0
4504.194941222711,31.573985306710718,6.991497187939373,245.6,103137.77116329983,4,3/10,1,698.5,1,1,0,0,0
3366.6253208057487,60.24990125209664,35.97643883921524,63.5331828173128,95312.20900293216,1,6/20,2,209.94026471125625,1,1,1,1,0
5499.9,18.6,-7.6000000000000005,245.6,572.6000000000004,2,2/33,2,698.5,1,0,1,1,0
5218.435206902347,45.34840174117627,22.286161443920143,178.06955733742024,93782.25393826164,1,1/60,2,194.2612844780026,1,0,0,1,1
-498.90000000000003,71.4,47.6,245.6,572.6000000000004,2,5/30,1,698.5,1,0,1,0,1
5499.9,18.6,-7.6000000000000005,245.6,105385.4,3,0/75,3,698.5,1,1,1,1,0
5499.9,18.6,-7.6000000000000005,245.6,105385.4,3,8/50,3,698.5,1,1,0,1,1
5499.9,18.6,-7.6000000000000005,245.6,38220.73403603034,3,0/70,2,698.5,0,1,1,1,1
5499.9,18.6,-7.6000000000000005,245.6,105385.4,4,6/60,2,698.5,0,0,0,0,0
5499.9,18.6,-7.6000000000000005,245.6,105385.4,2,7/30,1,698.5,0,1,0,1,1
5499.9,18.6,-7.6000000000000005,245.6,105385.4,3,2/10,3,698.5,0,0,1,1,1
5499.9,18.6,-7.6000000000000005,245.6,105385.4,1,6/30,3,698.5,0,0,0,1,0
5499.9,18.6,-7.6000000000000005,245.6,105385.4,4,3/70,2,698.5,0,1,0,0,1
5499.9,18.6,-7.6000000000000005,245.6,105385.4,3,6/00,1,698.5,1,1,0,0,0
5499.9,18.6,-7.6000000000000005,245.6,105385.4,4,4/60,2,698.5,1,1,0,1,0
5499.9,18.6,-7.6000000000000005,245.6,105385.4,2,3/60,2,698.5,0,0,0,0,1
5499.9,71.4,47.6,245.6,572.6000000000004,2,5/20,2,698.5,0,0,1,1,0
5499.9,18.6,-7.6000000000000005,245.6,105385.4,1,5/40,2,698.5,1,1,0,0,0
5499.9,18.6,-7.6000000000000005,245.6,105385.4,1,0/67,2,698.5,0,1,0,1,1
5499.9,18.6,-7.6000000000000005,245.6,105385.4,3,6/10,3,698.5,1,1,1,0,0
5499.9,18.6,-7.6000000000000005,245.6,105385.4,1,5/70,3,698.5,1,1,0,1,1
5499.9,18.6,-7.6000000000000005,245.6,105385.4,3,3/20,2,698.5,1,1,1,1,1
5499.9,18.6,-7.6000000000000005,245.6,572.6000000000004,1,1/33,3,698.5,0,1,1,0,1
4972.492080901057,18.6,-7.6000000000000005,245.6,94745.71413486294,2,4/40,2,698.5,1,0,1,0,1
4216.36592468124,25.696578632749656,4.647553562345491,92.09163020014915,94634.73499334381,1,8/60,3,312.31100443999986,1,0,0,1,0
5499.9,18.6,-7.6000000000000005,245.6,105385.4,3,9/00,3,698.5,1,1,0,1,0
4626.3613372047,23.606126854619994,-7.6000000000000005,245.6,105385.4,1,0/30,3,698.5,0,1,0,0,0
5499.9,71.4,-7.6000000000000005,245.6,572.6000000000004,3,3/33,3,698.5,1,0,0,1,0
5499.9,18.6,-7.6000000000000005,245.6,105385.4,2,5/70,3,698.5,0,1,0,1,1
5499.9,18.6,-7.6000000000000005,245.6,572.6000000000004,4,9/30,1,698.5,0,0,1,0,0
5499.9,18.6,-7.6000000000000005,245.6,93935.17895154662,2,4/25,2,698.5,1,0,0,0,0
5499.9,18.6,-7.6000000000000005,245.6,105385.4,3,2/67,1,698.5,1,1,1,0,0
5499.9,18.6,-7.6000000000000005,245.6,105385.4,4,2/20,2,698.5,0,1,1,0,0
5499.9,18.6,-7.6000000000000005,245.6,105385.4,1,1/75,3,698.5,0,1,1,0,0
5499.9,18.6,-7.6000000000000005,245.6,105385.4,3,1/40,3,698.5,0,0,1,1,0
5499.9,18.6,-7.6000000000000005,245.6,105385.4,3,8/90,1,698.5,1,0,0,0,0
5499.9,18.6,-7.6000000000000005,245.6,105385.4,3,6/10,2,698.5,0,0,1,0,1
244.21006959044416,36.65186826100188,6.298951795656745,245.6,104672.04264044632,2,3/40,2,698.5,1,1,0,0,1
5499.9,18.6,-7.6000000000000005,245.6,572.6000000000004,3,9/30,2,698.5,1,0,1,0,1
5499.9,18.6,-7.6000000000000005,245.6,105385.4,2,2/75,1,698.5,0,0,0,1,0
5499.9,18.6,-7.6000000000000005,245.6,105385.4,3,6/50,1,698.5,1,0,0,1,0
5499.9,18.6,-7.6000000000000005,245.6,105385.4,3,7/20,1,698.5,0,0,0,0,0
5499.9,18.6,-7.6000000000000005,245.6,105385.4,3,5/30,1,698.5,0,0,0,0,0
5499.9,18.6,-7.6000000000000005,245.6,105385.4,3,3/70,3,698.5,1,1,0,1,0
5499.9,18.6,-7.6000000000000005,245.6,105385.4,3,4/60,3,698.5,0,1,1,0,0
5499.9,18.6,-7.6000000000000005,245.6,572.6000000000004,4,3/20,1,698.5,0,0,1,1,0
5499.9,18.6,-7.6000000000000005,245.6,105385.4,1,1/10,1,698.5,0,1,1,0,1
5499.9,18.6,-7.6000000000000005,245.6,105385.4,2,8/10,2,698.5,0,0,0,1,0
5499.9,18.6,-7.6000000000000005,245.6,105385.4,4,5/80,3,698.5,1,0,1,1,1
5499.9,18.6,-7.6000000000000005,245.6,105385.4,4,1/67,2,698.5,0,0,0,1,0
5499.9,18.6,-7.6000000000000005,245.6,105385.4,4,5/67,3,698.5,1,1,1,0,1
5499.9,18.6,-7.6000000000000005,245.6,105385.4,3,4/10,2,698.5,0,0,0,0,1
5499.9,18.6,-7.6000000000000005,245.6,105385.4,4,7/60,1,698.5,1,0,0,1,0
5499.9,18.6,-7.6000000000000005,245.6,105385.4,1,7/20,1,698.5,0,1,1,1,0
5499.9,18.6,-7.6000000000000005,245.6,105385.4,3,6/33,3,698.5,0,1,0,0,0
5499.9,18.6,-7.6000000000000005,245.6,105385.4,1,7/30,1,698.5,1,0,0,1,0
5230.111624639456,48.62792760414298,22.811339305732005,151.41849434638337,92613.85538104652,4,3/00,1,495.5114154673398,1,0,1,0,0
-498.90000000000003,18.6,-7.6000000000000005,245.6,572.6000000000004,3,0/20,1,698.5,0,1,0,1,0
5499.9,18.6,-7.6000000000000005,245.6,105385.4,2,8/30,2,698.5,1,0,0,0,1
5499.9,18.6,-7.6000000000000005,245.6,105385.4,4,4/60,1,698.5,1,0,0,0,1
5499.9,18.6,-7.6000000000000005,245.6,105385.4,1,0/67,3,698.5,1,0,1,0,0
5499.9,18.6,-7.6000000000000005,245.6,105385.4,1,0/00,3,698.5,1,1,0,0,0
5499.9,18.6,-7.6000000000000005,245.6,105385.4,1,2/80,2,698.5,0,1,1,1,0
5499.9,18.6,-7.6000000000000005,245.6,105385.4,2,4/60,3,698.5,1,1,0,1,1
5499.9,18.6,-7.6000000000000005,245.6,105385.4,1,4/33,1,698.5,1,0,0,1,1
5499.9,18.6,-7.6000000000000005,245.6,105385.4,4,3/50,2,698.5,1,1,1,0,0
5499.9,18.6,-7.6000000000000005,245.6,105385.4,2,3/33,2,698.5,1,0,1,1,1
5499.9,18.6,-7.6000000000000005,245.6,105385.4,1,3/60,2,698.5,0,1,1,0,1
5499.9,18.6,-7.6000000000000005,245.6,105385.4,1,7/90,2,698.5,0,0,1,0,1
5499.9,18.6,-7.6000000000000005,245.6,105385.4,1,3/00,2,698.5,0,0,1,0,0
5499.9,18.6,-7.6000000000000005,245.6,572.6000000000004,2,2/20,1,698.5,1,1,0,0,0
5499.9,18.6,-7.6000000000000005,245.6,105385.4,1,2/60,3,698.5,1,1,0,1,0
5499.9,18.6,-7.6000000000000005,245.6,105385.4,1,4/25,2,698.5,1,1,0,0,0
5499.9,18.6,-7.6000000000000005,245.6,105385.4,4,1/20,1,698.5,0,0,0,1,0
5499.9,18.6,-7.6000000000000005,245.6,105385.4,2,2/40,2,698.5,0,1,0,0,0
5499.9,18.6,-7.6000000000000005,245.6,105385.4,1,6/80,2,698.5,0,1,0,0,1
5499.9,18.6,-7.6000000000000005,245.6,105385.4,2,1/80,3,698.5,0,0,1,0,0
5499.9,18.6,-7.6000000000000005,245.6,105385.4,1,2/90,2,698.5,1,1,1,0,1
5499.9,18.6,-7.6000000000000005,245.6,105385.4,2,0/30,1,698.5,1,1,1,0,0
5499.9,18.6,-7.6000000000000005,245.6,105385.4,1,3/00,3,698.5,0,1,1,0,1
5499.9,18.6,-7.6000000000000005,245.6,105385.4,4,8/60,2,698.5,1,0,0,1,0
5499.9,18.6,-7.6000000000000005,245.6,105385.4,2,6/80,3,698.5,1,0,1,0,1
1407.02212267616,31.72894445884911,5.011176507559311,46.74075410233331,92740.33985848901,1,1/80,3,169.7176052606683,1,0,1,0,0
5499.9,18.6,-7.6000000000000005,245.6,105385.4,1,1/33,2,698.5,1,1,0,1,1
5499.9,18.6,-7.6000000000000005,245.6,105385.4,3,5/30,1,698.5,0,0,1,1,1
1404.9988714776573,57.40933621530264,29.805099915942698,158.023410122197,94668.30373070644,4,6/90,2,578.3906220373517,1,0,1,1,1
5499.9,18.6,-7.6000000000000005,245.6,105385.4,1,5/67,1,698.5,0,1,0,1,0
5499.9,18.6,-7.6000000000000005,245.6,105385.4,3,1/40,1,698.5,0,0,1,0,1
5499.9,18.6,-7.6000000000000005,245.6,105385.4,2,4/60,1,698.5,0,0,0,0,1
5499.9,18.6,-7.6000000000000005,245.6,105385.4,3,0/50,1,698.5,1,0,1,1,0
5499.9,18.6,-7.6000000000000005,245.6,105385.4,1,1/20,3,698.5,1,0,1,1,1
5499.9,18.6,-7.6000000000000005,245.6,105385.4,2,5/67,3,698.5,0,1,0,1,1
5499.9,18.6,-7.6000000000000005,245.6,105385.4,1,7/90,3,698.5,0,1,1,0,1
5499.9,45.39501877043432,-7.6000000000000005,245.6,572.6000000000004,4,9/00,3,698.5,0,1,0,1,0
5499.9,18.6,-7.6000000000000005,245.6,105385.4,2,4/70,3,698.5,0,1,0,0,0
5499.9,18.6,-7.6000000000000005,245.6,105385.4,3,8/20,1,698.5,1,0,0,1,1
2345.4939090709067,50.36989504404926,25.66858365267821,81.6740891522555,92491.64402925949,4,0/67,3,247.3574795630476,1,0,0,1,0
5499.9,18.6,-7.6000000000000005,245.6,105385.4,1,0/70,2,698.5,0,0,1,0,0
5499.9,18.6,-7.6000000000000005,245.6,105385.4,2,3/60,2,698.5,0,0,0,0,1
5499.9,45.872118689878164,16.524289308521954,245.6,98494.31468823635,2,4/70,2,698.5,1,1,1,0,1
5499.9,18.6,-7.6000000000000005,245.6,572.6000000000004,4,1/30,1,698.5,1,1,0,1,0
5499.9,18.6,-7.6000000000000005,245.6,105385.4,1,1/70,1,698.5,1,0,0,1,0
5499.9,18.6,-7.6000000000000005,245.6,105385.4,4,4/33,1,698.5,1,1,0,1,0
5499.9,18.6,-7.6000000000000005,245.6,105385.4,1,7/20,1,698.5,1,1,0,1,0
5499.9,18.6,-7.6000000000000005,245.6,105385.4,4,5/60,2,698.5,1,1,0,1,1
5499.9,18.6,-7.6000000000000005,245.6,105385.4,4,4/70,2,698.5,1,0,0,1,0
3805.1671296952195,18.6,-7.6000000000000005,245.6,105385.4,4,3/60,1,698.5,0,1,1,0,0
5499.9,18.6,-7.6000000000000005,245.6,105385.4,2,0/67,3,698.5,1,1,0,0,1
5499.9,18.6,-7.6000000000000005,245.6,105385.4,2,9/00,2,698.5,1,0,0,0,1
1894.972439619505,52.02779592586882,22.862326560462755,245.6,97424.57645409807,3,5/30,1,698.5,1,1,0,0,1
931.4805348857167,71.4,-7.6000000000000005,245.6,572.6000000000004,3,1/40,2,698.5,0,1,0,0,0
5499.9,18.6,-7.6000000000000005,245.6,105385.4,2,3/90,1,698.5,1,1,1,1,0
5499.9,18.6,-7.6000000000000005,245.6,105385.4,2,3/30,3,698.5,0,0,0,0,1
919.0065480481967,35.185910695005134,11.682515928340514,52.31647702677331,97255.9229746113,3,2/70,1,272.6609938095305,0,0,0,1,0
5499.9,18.6,-7.6000000000000005,245.6,105385.4,1,6/10,3,698.5,0,0,0,1,0
5499.9,18.6,-7.6000000000000005,245.6,105385.4,4,2/75,1,698.5,0,1,1,1,1
5499.9,18.6,-7.6000000000000005,245.6,94609.45883994953,4,3/67,3,698.5,1,1,1,0,0
1900.4346677546296,39.15800541798491,15.170520233932264,23.922438491220454,91010.03517074096,3,0/30,3,169.3875651110967,1,1,0,1,0
5499.9,18.6,-7.6000000000000005,245.6,105385.4,2,6/00,2,698.5,0,0,0,1,1
2800.8091682056593,18.6,-7.6000000000000005,245.6,105385.4,2,6/50,3,698.5,1,1,0,0,0
-498.90000000000003,18.6,-7.6000000000000005,245.6,105385.4,1,0/90,2,698.5,1,0,1,1,0
5499.9,71.4,47.6,245.6,572.6000000000004,3,6/40,2,698.5,0,0,1,1,0
5499.9,18.6,-7.6000000000000005,245.6,105385.4,4,3/00,1,698.5,1,0,0,0,1
5499.9,18.6,-7.6000000000000005,245.6,105385.4,4,3/30,2,698.5,1,0,0,0,0
3977.3650404688497,37.23753476108258,15.982447911434079,113.76380179380207,91417.3481326128,3,3/20,2,304.7892416793045,0,0,1,0,1
5499.9,18.6,-7.6000000000000005,245.6,105385.4,1,2/33,1,698.5,0,1,1,0,1
5499.9,18.6,-7.6000000000000005,245.6,105385.4,1,2/40,3,698.5,1,0,0,1,1
5499.9,18.6,-7.6000000000000005,245.6,105385.4,3,6/10,1,698.5,0,1,1,0,1
5499.9,18.6,-7.6000000000000005,245.6,105385.4,3,1/80,2,698.5,1,1,1,0,1
5499.9,18.6,-7.6000000000000005,245.6,105385.4,1,4/20,1,698.5,1,1,0,1,1
5499.9,18.6,-7.6000000000000005,245.6,105385.4,4,4/67,2,698.5,0,1,0,0,1
5499.9,18.6,-7.6000000000000005,245.6,105385.4,1,0/90,2,698.5,1,1,0,0,0
5499.9,18.6,-7.6000000000000005,245.6,105385.4,1,6/40,3,698.5,1,1,0,0,1
5499.9,18.6,-7.6000000000000005,245.6,105385.4,1,6/70,2,698.5,1,1,0,0,1
1365.3002026227769,18.6,-7.6000000000000005,245.6,105385.4,4,4/25,1,698.5,0,0,0,1,1
5499.9,18.6,-7.6000000000000005,245.6,105385.4,4,6/30,3,698.5,0,0,1,1,1
-498.90000000000003,18.6,-7.6000000000000005,245.6,105385.4,3,0/70,2,698.5,1,0,1,0,0
5499.9,18.6,-7.6000000000000005,245.6,105385.4,3,3/30,3,698.5,0,0,1,0,0
5499.9,18.6,-7.6000000000000005,245.6,105385.4,1,4/75,1,698.5,0,1,0,1,1
5499.9,18.6,-7.6000000000000005,245.6,105385.4,2,5/67,2,698.5,1,0,1,0,0
5499.9,18.6,-7.6000000000000005,245.6,105385.4,1,1/10,2,698.5,1,0,0,1,1
5499.9,18.6,-7.6000000000000005,245.6,105385.4,4,5/20,2,698.5,0,0,0,0,1
5499.9,71.4,-7.6000000000000005,245.6,572.6000000000004,2,4/00,1,698.5,0,0,0,1,0
5499.9,18.6,-7.6000000000000005,245.6,105385.4,2,7/50,3,698.5,0,0,1,0,0
5499.9,18.6,-7.6000000000000005,245.6,105385.4,1,3/30,1,698.5,0,1,1,1,0
5499.9,18.6,-7.6000000000000005,245.6,105385.4,4,6/10,3,698.5,1,0,0,0,1
5499.9,18.6,-7.6000000000000005,245.6,105385.4,3,2/60,3,698.5,1,0,1,1,1
5499.9,18.6,-7.6000000000000005,245.6,105385.4,1,6/00,1,698.5,1,1,0,0,0
-498.90000000000003,18.6,-7.6000000000000005,245.6,105385.4,2,5/60,2,698.5,0,1,0,1,1
5499.9,18.6,-7.6000000000000005,245.6,105385.4,2,4/25,3,698.5,1,0,1,0,1
3965.494256131811,46.93670660148268,24.28329935049957,164.39531380578362,95859.83241074721,4,7/80,3,450.09478547238615,1,0,1,1,0
3251.0638540010846,45.75631065446481,20.498617244354474,31.701012999380232,91260.52539847989,4,0/30,3,18.481743728098735,1,0,0,0,0
5499.9,18.6,-7.6000000000000005,245.6,105385.4,3,7/80,3,698.5,0,0,0,0,1
5499.9,18.6,-7.6000000000000005,245.6,105385.4,4,8/60,2,698.5,0,0,0,0,0
5499.9,18.6,-7.6000000000000005,245.6,105385.4,4,8/00,3,698.5,1,1,1,1,0
5499.9,18.6,-7.6000000000000005,245.6,105385.4,4,6/70,2,698.5,1,1,1,1,1
5499.9,18.6,-7.6000000000000005,245.6,105385.4,2,7/50,2,698.5,0,0,0,0,0
5499.9,18.6,-7.6000000000000005,245.6,105385.4,1,0/20,2,698.5,0,0,1,0,0
5499.9,18.6,-7.6000000000000005,245.6,105385.4,4,5/10,1,698.5,0,1,1,1,0
5499.9,18.6,-7.6000000000000005,245.6,105385.4,2,2/30,3,698.5,1,1,0,0,1
5499.9,18.6,-7.6000000000000005,245.6,105385.4,1,8/30,2,698.5,1,1,0,0,1
5499.9,71.4,47.6,245.6,572.6000000000004,2,3/20,1,698.5,0,1,0,1,0
5499.9,18.6,-7.6000000000000005,245.6,105385.4,3,9/00,1,698.5,1,1,0,0,1
5499.9,18.6,-7.6000000000000005,245.6,105385.4,2,1/10,1,698.5,1,1,0,0,0
3841.717439338817,42.39551916489498,19.48529926421884,144.4550496296972,94586.3165399054,3,3/40,1,67.36608570216515,1,0,0,0,1
5499.9,18.6,-7.6000000000000005,245.6,105385.4,4,6/10,2,698.5,0,1,0,0,0
-498.90000000000003,18.6,-7.6000000000000005,245.6,105385.4,4,0/80,1,698.5,1,0,0,1,1
5499.9,18.6,-7.6000000000000005,245.6,46671.48797085303,3,10/00,2,698.5,1,0,0,1,1
5499.9,18.6,-7.6000000000000005,245.6,105385.4,1,5/90,2,698.5,0,1,1,1,1
5499.9,18.6,-7.6000000000000005,245.6,105385.4,1,8/60,1,698.5,0,1,1,1,1
5499.9,18.6,-7.6000000000000005,245.6,105385.4,1,2/40,2,698.5,1,0,0,1,0
2195.4074150931665,40.954031071687375,21.7127803102731,228.8559756038357,95072.21887206845,4,0/67,2,600.9376194677546,0,1,0,0,1
5499.9,18.6,-7.6000000000000005,245.6,61341.78924967193,2,7/30,3,698.5,0,1,1,1,1
5499.9,18.6,-7.6000000000000005,245.6,105385.4,1,5/70,3,698.5,1,0,1,1,0
5499.9,18.6,-7.6000000000000005,245.6,105385.4,2,0/20,3,698.5,1,0,1,1,1
5499.9,18.6,-7.6000000000000005,245.6,105385.4,3,2/50,2,698.5,0,1,1,0,0
5499.9,18.6,-7.6000000000000005,245.6,105385.4,4,6/33,3,698.5,0,1,1,1,1
5499.9,18.6,-7.6000000000000005,245.6,105385.4,2,2/10,3,698.5,0,0,0,1,0
5499.9,18.6,-7.6000000000000005,245.6,105385.4,1,7/90,2,698.5,0,0,0,0,0
5499.9,18.6,-7.6000000000000005,245.6,572.6000000000004,2,2/60,3,698.5,0,1,1,0,0
5499.9,18.6,-7.6000000000000005,245.6,105385.4,4,9/00,2,698.5,1,0,0,0,1
5499.9,18.6,-7.6000000000000005,245.6,105385.4,4,6/90,1,698.5,1,0,1,0,1
5499.9,18.6,-7.6000000000000005,245.6,105385.4,2,8/00,2,698.5,0,1,0,0,1
3283.9191487767,44.02997408851706,19.216370147086337,148.37302988010666,89884.97331852856,3,4/70,2,571.7700281097596,1,1,1,1,1
1214.7910216929738,29.274922997537633,1.4776117480926203,245.6,101502.36131011488,2,5/50,2,698.5,1,1,1,1,0
4891.676968031947,18.6,-7.6000000000000005,245.6,105385.4,4,5/33,3,698.5,1,1,0,0,0
5499.9,18.6,-7.6000000000000005,245.6,105385.4,4,8/50,1,698.5,1,0,0,0,0
5499.9,18.6,-7.6000000000000005,245.6,572.6000000000004,3,5/90,3,698.5,1,0,1,0,1
5499.9,18.6,-7.6000000000000005,245.6,39439.075072745945,4,3/67,3,698.5,0,0,1,1,1
5499.9,18.6,-7.6000000000000005,245.6,105385.4,4,4/10,2,698.5,0,0,0,0,0
5499.9,18.6,-7.6000000000000005,245.6,105385.4,4,7/30,3,698.5,1,1,1,1,1
5499.9,18.6,-7.6000000000000005,245.6,105385.4,3,4/70,1,698.5,0,0,0,1,0
5499.9,18.6,-7.6000000000000005,245.6,105385.4,2,0/50,2,698.5,0,0,1,1,0
5499.9,18.6,-7.6000000000000005,245.6,105385.4,1,1/33,2,698.5,0,0,1,1,0
5499.9,18.6,-7.6000000000000005,245.6,105385.4,2,0/70,3,698.5,0,1,0,0,0
4261.699205615856,61.9373225865326,39.3361722073343,65.71331159671278,93109.92587816324,2,8/10,3,111.45025024870826,0,0,1,0,0
5499.9,18.6,-7.6000000000000005,245.6,105385.4,4,4/90,3,698.5,0,0,0,1,0
5499.9,18.6,-7.6000000000000005,245.6,105385.4,1,6/70,3,698.5,0,1,0,1,0
2578.8010543744726,18.6,-7.6000000000000005,245.6,105385.4,1,4/30,2,698.5,0,1,1,1,0
5499.9,18.6,-7.6000000000000005,245.6,105385.4,3,8/00,3,698.5,1,0,0,0,1
5499.9,18.6,-7.6000000000000005,245.6,105385.4,3,8/50,1,698.5,1,0,1,1,0
5499.9,18.6,-7.6000000000000005,245.6,105385.4,2,3/90,2,698.5,0,1,1,1,1
5499.9,18.6,-7.6000000000000005,245.6,105385.4,1,2/00,3,698.5,1,1,0,1,1
5499.9,18.6,-7.6000000000000005,245.6,105385.4,1,1/50,1,698.5,0,1,1,1,0
5499.9,18.6,-7.6000000000000005,245.6,105385.4,2,5/10,3,698.5,0,0,1,0,1
5499.9,54.83578913659022,28.59560922725118,209.13258975263926,91339.40679890661,1,4/30,2,698.5,1,0,1,0,1
5499.9,18.6,-7.6000000000000005,245.6,105385.4,3,0/30,1,698.5,0,1,1,0,0
-498.90000000000003,18.6,-7.6000000000000005,245.6,105385.4,1,6/80,2,698.5,0,0,1,1,1
-498.90000000000003,18.6,-7.6000000000000005,245.6,105385.4,4,0/60,2,698.5,0,1,1,1,0
-498.90000000000003,18.6,-7.6000000000000005,245.6,105385.4,4,1/20,3,698.5,0,0,0,1,0
5499.9,18.6,-7.6000000000000005,245.6,105385.4,4,4/80,2,698.5,0,0,0,0,0
5499.9,18.6,-7.6000000000000005,245.6,105385.4,2,1/90,2,698.5,0,0,1,0,0
5499.9,18.6,-7.6000000000000005,245.6,105385.4,3,5/20,3,698.5,0,0,0,1,1
5499.9,18.6,-7.6000000000000005,245.6,105385.4,1,2/00,2,698.5,0,1,1,0,0
3243.224908645621,32.48747664982231,8.252377853144024,245.6,94119.63366119671,2,0/10,2,698.5,0,1,1,1,0
5499.9,18.6,-7.6000000000000005,245.6,105385.4,2,4/70,1,698.5,1,0,1,1,1
5499.9,18.6,-7.6000000000000005,245.6,572.6000000000004,1,3/50,1,698.5,1,0,0,1,0
5499.9,18.6,-7.6000000000000005,245.6,105385.4,1,3/70,1,698.5,1,0,1,1,1
5499.9,71.4,47.6,245.6,572.6000000000004,2,7/50,2,698.5,0,0,1,0,1
5499.9,18.6,-7.6000000000000005,245.6,105385.4,1,0/70,2,698.5,0,0,0,1,0
5499.9,18.6,-7.6000000000000005,245.6,572.6000000000004,4,4/20,2,698.5,0,1,0,1,1
3351.3999976006667,55.567048254965364,28.537058552856173,131.19592710327106,89787.79172251416,1,3/70,1,464.4184203275377,0,0,1,0,1
5499.9,18.6,-7.6000000000000005,245.6,105385.4,2,4/00,3,698.5,0,1,1,1,1
5499.9,18.6,-7.6000000000000005,245.6,105385.4,4,7/90,1,698.5,0,1,1,1,0
5499.9,18.6,-7.6000000000000005,245.6,105385.4,2,0/40,1,698.5,1,1,0,0,1
4087.723549994916,18.6,-7.6000000000000005,245.6,105385.4,3,3/70,1,698.5,0,0,0,0,1
5499.9,18.6,-7.6000000000000005,245.6,105385.4,1,5/60,3,698.5,1,0,0,0,1
5499.9,18.6,-7.6000000000000005,245.6,105385.4,2,1/67,1,698.5,0,0,1,1,0
5499.9,18.6,-7.6000000000000005,245.6,105385.4,3,2/30,3,698.5,1,1,0,0,1
5499.9,18.6,-7.6000000000000005,245.6,30881.666026707222,4,2/90,1,698.5,0,1,1,1,0
5499.9,18.6,-7.6000000000000005,245.6,105385.4,4,6/90,2,698.5,0,0,1,0,1
5499.9,18.6,-7.6000000000000005,245.6,105385.4,1,3/70,1,698.5,1,0,1,0,0
5499.9,18.6,-7.6000000000000005,245.6,572.6000000000004,2,1/70,3,698.5,1,1,0,1,1
5499.9,18.6,-7.6000000000000005,245.6,105385.4,4,2/10,2,698.5,1,1,0,1,0
5499.9,18.6,-7.6000000000000005,245.6,105385.4,4,7/30,3,698.5,1,0,0,1,1
5499.9,18.6,-7.6000000000000005,245.6,105385.4,1,5/40,1,698.5,0,1,0,0,0
5499.9,18.6,-7.6000000000000005,245.6,13656.5499302862,2,0/40,1,698.5,0,1,1,0,1
5499.9,18.6,-7.6000000000000005,245.6,105385.4,4,5/30,1,698.5,1,0,1,1,0
890.7999246473275,49.78582304721741,30.653636140795477,101.61151897237302,93836.22153983111,2,4/10,3,61.85659370221013,0,1,0,0,0
5499.9,18.6,-7.6000000000000005,245.6,105385.4,3,0/60,3,698.5,1,0,0,1,0
5499.9,18.6,-7.6000000000000005,245.6,105385.4,4,2/30,3,698.5,0,1,0,1,1
5499.9,18.6,-7.6000000000000005,245.6,105385.4,1,4/75,1,698.5,0,1,1,0,1
5499.9,18.6,-7.6000000000000005,245.6,105385.4,4,7/40,2,698.5,1,0,0,0,0
5499.9,18.6,-7.6000000000000005,245.6,105385.4,2,7/20,3,698.5,1,0,0,0,1
3388.959792410397,43.442149974510066,23.055239302659984,135.0790199521258,93783.53497197137,1,5/50,3,216.8847467231176,1,0,1,0,1
5499.9,18.6,-7.6000000000000005,245.6,105385.4,2,0/00,1,698.5,0,1,1,0,0
5499.9,18.6,-7.6000000000000005,245.6,105385.4,2,2/33,1,698.5,0,1,0,0,1
5499.9,18.6,-7.6000000000000005,245.6,105385.4,3,2/67,2,698.5,1,1,0,0,1
5499.9,18.6,-7.6000000000000005,245.6,105385.4,3,4/25,2,698.5,0,1,1,1,0
5499.9,18.6,-7.6000000000000005,245.6,105385.4,4,10/00,1,698.5,0,0,0,1,0
5499.9,18.6,-7.6000000000000005,245.6,105385.4,4,4/50,2,698.5,1,0,1,0,1
5499.9,18.6,-7.6000000000000005,245.6,105385.4,1,6/50,2,698.5,1,1,0,0,1
5499.9,18.6,-7.6000000000000005,245.6,105385.4,3,4/30,3,698.5,1,0,0,1,1
5499.9,18.6,-7.6000000000000005,245.6,105385.4,4,0/30,2,698.5,1,0,1,0,0
5499.9,18.6,-7.6000000000000005,245.6,105385.4,1,1/70,3,698.5,1,1,1,1,1
5499.9,18.6,-7.6000000000000005,245.6,105385.4,2,2/50,1,698.5,1,1,1,0,1
5499.9,18.6,-7.6000000000000005,245.6,105385.4,4,5/90,3,698.5,0,0,1,1,0
5499.9,18.6,-7.6000000000000005,245.6,105385.4,2,3/50,3,698.5,1,0,0,1,0
5499.9,18.6,-7.6000000000000005,245.6,105385.4,2,5/00,2,698.5,1,1,0,0,0
3792.605421994497,25.070647366414484,1.9044285855451513,161.7842575234223,94185.39799822314,1,8/30,3,506.33013008736685,0,1,1,0,1
5499.9,18.6,-7.6000000000000005,245.6,105385.4,3,5/80,3,698.5,1,0,0,1,0
5499.9,18.6,-7.6000000000000005,245.6,105385.4,3,1/60,2,698.5,0,1,0,0,0
5499.9,18.6,-7.6000000000000005,245.6,105385.4,1,1/70,1,698.5,0,1,1,0,1
5499.9,18.6,-7.6000000000000005,245.6,105385.4,2,5/50,3,698.5,0,0,1,1,0
5499.9,18.6,-7.6000000000000005,245.6,105385.4,2,2/90,1,698.5,0,1,1,0,0
5499.9,18.6,-7.6000000000000005,245.6,105385.4,1,1/67,2,698.5,0,0,0,1,0
5499.9,18.6,-7.6000000000000005,245.6,100288.92702453332,3,1/67,3,698.5,0,0,1,0,1
5499.9,18.6,-7.6000000000000005,245.6,105385.4,4,4/67,2,698.5,0,0,0,1,1
-498.90000000000003,71.4,-7.6000000000000005,245.6,572.6000000000004,4,10/00,1,698.5,1,0,1,0,0
5499.9,18.6,-7.6000000000000005,245.6,105385.4,1,1/10,1,698.5,0,0,0,0,0
5499.9,18.6,-7.6000000000000005,245.6,105385.4,1,3/20,2,698.5,1,1,0,0,1
5499.9,18.6,-7.6000000000000005,245.6,105385.4,1,5/67,3,698.5,0,0,1,1,0
5499.9,18.6,-7.6000000000000005,245.6,73742.74928632661,3,8/10,2,698.5,0,0,0,0,0
5499.9,18.6,-7.6000000000000005,245.6,105385.4,2,3/20,1,698.5,0,0,0,1,0
5499.9,18.6,-7.6000000000000005,245.6,105385.4,1,3/30,1,698.5,0,1,0,1,0
5499.9,18.6,-7.6000000000000005,245.6,105385.4,3,2/80,1,698.5,0,1,0,0,1
5499.9,18.6,-7.6000000000000005,245.6,105385.4,3,2/30,1,698.5,1,1,1,0,0
5499.9,18.6,-7.6000000000000005,245.6,105385.4,2,4/25,2,698.5,0,0,1,0,1
5499.9,18.6,-7.6000000000000005,245.6,105385.4,2,0/40,2,698.5,0,0,1,1,1
5499.9,18.6,-7.6000000000000005,245.6,105385.4,1,3/67,3,698.5,0,0,1,1,0
5499.9,18.6,-7.6000000000000005,245.6,105385.4,3,7/60,1,698.5,1,1,0,0,1
5499.9,18.6,-7.6000000000000005,245.6,105385.4,3,5/20,3,698.5,1,0,0,1,1
5499.9,18.6,-7.6000000000000005,245.6,105385.4,1,8/60,2,698.5,1,1,0,0,1
5499.9,18.6,-7.6000000000000005,245.6,105385.4,1,1/90,3,698.5,0,1,0,1,0
5499.9,18.6,-7.6000000000000005,245.6,572.6000000000004,2,5/80,3,698.5,1,0,1,1,1
1977.1899862430305,51.6022187549619,23.774043877204146,107.37758494960694,91460.0909179756,2,2/60,1,567.2874814286906,1,0,1,1,1
5499.9,18.6,-7.6000000000000005,245.6,105385.4,4,0/20,3,698.5,0,1,0,1,0
5499.9,18.6,-7.6000000000000005,245.6,105385.4,2,4/20,3,698.5,0,1,0,1,0
5499.9,18.6,-7.6000000000000005,245.6,105385.4,1,4/40,1,698.5,1,0,0,1,1
5499.9,18.6,-7.6000000000000005,245.6,105385.4,3,5/67,3,698.5,0,0,1,1,1
5499.9,18.6,-7.6000000000000005,245.6,105385.4,4,2/10,2,698.5,0,0,1,0,0
5499.9,71.4,-7.6000000000000005,245.6,572.6000000000004,3,4/25,2,698.5,0,1,1,0,0
2116.2939488900242,71.4,45.76556280919162,245.6,102455.17519223636,1,7/60,3,698.5,0,1,0,1,1
5499.9,18.6,-7.6000000000000005,245.6,105385.4,1,1/40,1,698.5,1,1,1,0,0
5499.9,18.6,-7.6000000000000005,245.6,105385.4,2,4/70,3,698.5,1,0,1,1,1
5499.9,18.6,-7.6000000000000005,245.6,82822.59812513796,2,2/00,2,698.5,1,1,0,0,1
4137.465754938885,44.77129115616101,20.48013292720443,107.97588507433957,96759.54538581525,4,2/40,3,530.299563309969,0,0,0,1,1
5499.9,18.6,-7.6000000000000005,245.6,105385.4,1,2/70,1,698.5,1,1,0,0,1
5499.9,18.6,-7.6000000000000005,245.6,105385.4,1,2/33,3,698.5,1,0,1,1,0
5499.9,18.6,-7.6000000000000005,245.6,572.6000000000004,2,0/60,2,698.5,1,1,1,1,0
5499.9,18.6,-7.6000000000000005,245.6,105385.4,2,10/00,1,698.5,1,0,0,1,0
5499.9,18.6,-7.6000000000000005,245.6,105385.4,2,0/60,3,698.5,0,0,1,0,0
5499.9,18.6,-7.6000000000000005,245.6,105385.4,2,1/60,1,698.5,0,0,1,1,1
5499.9,18.6,-7.6000000000000005,245.6,105385.4,1,3/20,3,698.5,1,0,1,0,0
5499.9,18.6,-7.6000000000000005,245.6,105385.4,2,0/80,2,698.5,1,0,0,1,1
5499.9,18.6,-7.6000000000000005,245.6,105385.4,1,0/80,3,698.5,1,1,0,0,1
5499.9,18.6,-7.6000000000000005,245.6,105385.4,3,5/90,2,698.5,1,1,1,1,1
802.8675097868363,53.43981011949878,27.61885227224714,13.490296616445,94704.80048431954,3,3/20,2,185.60763036671244,0,0,0,0,1
5499.9,18.6,-7.6000000000000005,245.6,105385.4,1,0/75,2,698.5,1,0,0,0,1
5499.9,18.6,-7.6000000000000005,245.6,105385.4,1,5/80,1,698.5,1,1,0,0,1
5499.9,18.6,-7.6000000000000005,245.6,105385.4,1,3/30,3,698.5,0,0,0,1,0
-498.90000000000003,18.6,-7.6000000000000005,245.6,105385.4,3,8/80,3,698.5,1,1,1,0,1
5499.9,18.6,-7.6000000000000005,245.6,105385.4,4,4/33,1,698.5,1,1,1,1,1
-498.90000000000003,18.6,-7.6000000000000005,245.6,105385.4,2,5/90,3,698.5,0,0,0,1,1
5499.9,18.6,-7.6000000000000005,245.6,105385.4,4,1/40,3,698.5,0,0,0,0,1
5499.9,18.6,-7.6000000000000005,245.6,105385.4,4,7/80,3,698.5,0,1,1,1,1
5499.9,18.6,-7.6000000000000005,245.6,105385.4,1,8/30,2,698.5,0,1,0,0,1
830.317393875438,18.6,-7.6000000000000005,245.6,105385.4,2,4/25,2,698.5,0,1,0,0,0
5499.9,18.6,-7.6000000000000005,245.6,105385.4,2,0/20,1,698.5,1,0,0,0,1
5499.9,18.6,-7.6000000000000005,245.6,105385.4,2,1/10,2,698.5,1,0,0,1,1
3813.985977976664,18.6,-7.6000000000000005,245.6,105385.4,3,0/90,2,698.5,0,0,1,0,1
5499.9,18.6,-7.6000000000000005,245.6,105385.4,3,7/60,2,698.5,0,1,1,0,0
5499.9,18.6,-7.6000000000000005,245.6,105385.4,4,5/70,2,698.5,0,0,1,1,1
5499.9,18.6,-7.6000000000000005,245.6,105385.4,2,4/70,3,698.5,1,0,1,0,0
5499.9,18.6,-7.6000000000000005,245.6,105385.4,2,4/00,1,698.5,0,1,0,0,0
5499.9,18.6,-7.6000000000000005,245.6,105385.4,4,3/40,2,698.5,0,0,1,0,1
5499.9,18.6,-7.6000000000000005,245.6,57381.22010818598,2,3/20,1,698.5,0,0,1,1,1
5499.9,18.6,-7.6000000000000005,245.6,105385.4,2,4/00,2,698.5,1,0,0,0,1
5499.9,18.6,-7.6000000000000005,245.6,105385.4,3,5/80,1,698.5,1,0,1,0,1
5499.9,18.6,-7.6000000000000005,245.6,105385.4,1,6/20,2,698.5,0,0,0,0,1
5499.9,18.6,-7.6000000000000005,245.6,105385.4,4,7/30,2,698.5,1,1,0,0,1
5499.9,18.6,-7.6000000000000005,245.6,105385.4,2,4/33,1,698.5,1,1,1,1,0
4776.448880006223,46.26022856017046,25.01723337849392,171.5021668130604,93094.20604783812,2,7/40,2,550.2209411145984,0,0,0,0,1
5499.9,18.6,-7.6000000000000005,245.6,105385.4,3,4/20,3,698.5,0,0,0,1,1
-498.90000000000003,18.6,-7.6000000000000005,245.6,105385.4,1,4/40,1,698.5,0,0,1,1,1
5499.9,18.6,-7.6000000000000005,245.6,105385.4,1,3/25,3,698.5,1,0,1,1,1
5499.9,18.6,-7.6000000000000005,245.6,105385.4,4,1/70,2,698.5,0,1,1,0,1
2965.8682312915466,45.691459283304,14.99094486294695,52.67715547217111,95502.26730723814,1,5/70,3,250.34347375036594,1,1,0,0,1
5499.9,18.6,-7.6000000000000005,245.6,105385.4,1,10/00,2,698.5,0,0,0,0,1
726.2434792310064,18.6,-7.6000000000000005,245.6,105385.4,4,0/40,2,698.5,0,1,1,0,0
4593.359759095383,55.83758081215572,32.144737823302115,88.2263234021508,92476.66034126419,3,1/30,1,450.44674388415785,1,0,1,1,0
3131.248597311037,43.10979392233027,17.294359218638817,245.6,95612.71788885286,4,2/00,2,698.5,1,0,1,1,0
5499.9,18.6,-7.6000000000000005,245.6,98603.07525154138,4,3/20,2,698.5,1,0,0,1,1
3686.57013615609,18.6,-7.6000000000000005,245.6,105385.4,3,4/70,3,698.5,1,1,1,1,0
5499.9,18.6,-7.6000000000000005,245.6,105385.4,3,2/80,1,698.5,0,0,1,0,0
5499.9,18.6,-7.6000000000000005,245.6,105385.4,1,0/67,1,698.5,0,0,0,0,1
5499.9,18.6,-7.6000000000000005,245.6,105385.4,4,2/75,3,698.5,1,0,0,0,1
5499.9,18.6,-7.6000000000000005,245.6,105385.4,4,0/20,1,698.5,1,0,1,0,0
5499.9,18.6,-7.6000000000000005,245.6,572.6000000000004,4,2/40,3,698.5,0,1,1,0,1
5499.9,18.6,-7.6000000000000005,245.6,105385.4,3,7/80,1,698.5,0,1,1,1,0
5499.9,18.6,-7.6000000000000005,245.6,105385.4,2,8/50,3,698.5,0,1,1,1,0
5499.9,18.6,-7.6000000000000005,245.6,572.6000000000004,4,1/33,3,698.5,1,1,0,1,1
5499.9,18.6,-7.6000000000000005,245.6,105385.4,4,5/90,3,698.5,1,1,0,0,1
5499.9,18.6,-7.6000000000000005,245.6,105385.4,2,5/10,3,698.5,1,0,1,1,1
5499.9,18.6,-7.6000000000000005,245.6,105385.4,1,5/00,2,698.5,1,0,0,0,0
5499.9,18.6,-7.6000000000000005,245.6,105385.4,2,1/70,1,698.5,1,0,1,1,0
4401.124814989846,27.626802689234562,2.0536084520113143,144.96059594119245,91265.2059799506,2,0/30,1,395.87803243899396,1,0,0,1,1
5499.9,18.6,-7.6000000000000005,245.6,105385.4,2,0/20,2,698.5,1,1,1,0,0
5499.9,18.6,-7.6000000000000005,245.6,105385.4,1,4/70,1,698.5,1,0,0,0,1
5499.9,18.6,-7.6000000000000005,245.6,105385.4,1,1/40,3,698.5,1,1,0,1,1
5499.9,18.6,-7.6000000000000005,245.6,105385.4,1,9/30,2,698.5,0,0,1,0,0
-498.90000000000003,18.6,-7.6000000000000005,245.6,572.6000000000004,4,4/40,1,698.5,0,1,0,1,1
5499.9,18.6,-7.6000000000000005,245.6,105385.4,1,8/10,2,698.5,1,0,1,1,0
4777.301917843297,55.191480540816045,25.864416529297586,147.99665641572955,94474.7645155294,4,7/30,1,533.2877629766213,1,1,1,0,0
5499.9,18.6,-7.6000000000000005,245.6,105385.4,1,2/70,2,698.5,1,1,0,1,0
5499.9,18.6,-7.6000000000000005,245.6,105385.4,1,3/10,2,698.5,0,1,1,1,1
5499.9,18.6,-7.6000000000000005,245.6,105385.4,1,1/00,2,698.5,0,1,0,1,0
5499.9,18.6,-7.6000000000000005,245.6,105385.4,1,3/20,2,698.5,0,1,0,1,0
5499.9,18.6,-7.6000000000000005,245.6,105385.4,1,5/30,2,698.5,1,0,1,1,0
5499.9,18.6,-7.6000000000000005,245.6,105385.4,4,4/33,2,698.5,0,1,1,1,1
-498.90000000000003,18.6,-7.6000000000000005,245.6,105385.4,2,2/60,2,698.5,0,1,1,0,1
5499.9,18.6,-7.6000000000000005,245.6,105385.4,4,5/70,1,698.5,0,0,0,1,1
5499.9,18.6,-7.6000000000000005,245.6,105385.4,4,7/80,3,698.5,1,0,0,1,0
5499.9,18.6,-7.6000000000000005,245.6,105385.4,1,0/00,1,698.5,1,1,0,1,0
5499.9,18.6,-7.6000000000000005,245.6,105385.4,3,1/75,2,698.5,1,0,0,1,0
2135.6487272621794,62.052720901420884,38.371471054528314,90.66346749474346,92973.72261197068,3,5/10,2,217.28358980873054,1,0,1,1,0
5190.3992107182075,53.11971897190735,28.80799615062095,65.75659718989752,94194.2990441878,1,1/70,2,367.3353196869229,1,0,1,0,0
5499.9,18.6,-7.6000000000000005,245.6,105385.4,4,5/33,1,698.5,1,1,1,0,0
5499.9,18.6,-7.6000000000000005,245.6,105385.4,2,0/75,3,698.5,0,1,0,1,1
5499.9,18.6,-7.6000000000000005,245.6,105385.4,1,7/20,3,698.5,1,1,0,0,1
5499.9,18.6,-7.6000000000000005,245.6,105385.4,1,8/00,1,698.5,0,1,1,0,0
5499.9,18.6,-7.6000000000000005,245.6,105385.4,1,2/50,1,698.5,0,0,0,1,0
5499.9,18.6,-7.6000000000000005,245.6,105385.4,2,8/30,1,698.5,1,1,0,0,1
5499.9,18.6,-7.6000000000000005,245.6,105385.4,1,6/67,2,698.5,1,1,1,0,1
-498.90000000000003,71.4,47.6,245.6,572.6000000000004,1,2/10,3,698.5,1,1,0,0,0
5499.9,18.6,-7.6000000000000005,245.6,572.6000000000004,3,3/50,3,698.5,1,1,1,0,1
1547.0553215853838,34.96816590525009,14.194409014334184,3.3987743874001097,95593.86599380222,2,6/20,3,161.6848205945149,1,1,1,0,1
4441.422123099684,41.3201453886521,19.351310333574826,229.91931310390083,92011.43504312923,4,3/00,1,698.5,1,1,0,1,0
5499.9,18.6,-7.6000000000000005,245.6,105385.4,3,0/67,1,698.5,1,0,1,0,1
5499.9,18.6,-7.6000000000000005,245.6,105385.4,1,4/25,3,698.5,0,1,0,0,0
5499.9,18.6,-7.6000000000000005,245.6,105385.4,1,3/10,3,698.5,1,1,0,0,0
5499.9,18.6,-7.6000000000000005,245.6,105385.4,2,5/60,3,698.5,0,1,0,1,1
5499.9,18.6,-7.6000000000000005,245.6,97483.75620778566,2,2/80,1,698.5,0,0,0,0,1
5499.9,18.6,-7.6000000000000005,245.6,105385.4,3,4/33,3,698.5,0,0,1,0,0
5499.9,18.6,-7.6000000000000005,245.6,105385.4,1,7/50,3,698.5,0,0,0,0,1
5499.9,18.6,-7.6000000000000005,245.6,105385.4,4,3/40,1,698.5,0,1,0,1,0
5499.9,18.6,-7.6000000000000005,245.6,105385.4,3,7/40,3,698.5,1,1,1,0,0
5499.9,18.6,-7.6000000000000005,245.6,105385.4,4,7/60,3,698.5,0,1,1,0,0
5499.9,18.6,-7.6000000000000005,245.6,105385.4,4,8/60,3,698.5,1,0,0,0,0
5499.9,18.6,-7.6000000000000005,245.6,105385.4,4,0/00,3,698.5,1,0,1,1,0
628.6312990774431,37.17979239777847,13.354711593416841,53.578925791315626,94764.21399166384,3,0/60,1,34.29897994170268,0,1,0,1,0
5499.9,18.6,-7.6000000000000005,245.6,105385.4,4,2/10,2,698.5,1,0,1,0,0
5499.9,18.6,-7.6000000000000005,245.6,105385.4,1,4/20,3,698.5,0,1,0,0,0
5499.9,18.6,-7.6000000000000005,245.6,105385.4,4,8/20,3,698.5,1,1,0,0,0
3865.531594040156,33.64309312389196,7.384100319736429,54.43802613100766,96080.7491425144,2,3/00,2,196.42847479443014,1,0,1,1,1
5499.9,18.6,-7.6000000000000005,245.6,105385.4,3,1/70,2,698.5,0,0,1,1,0
5499.9,18.6,-7.6000000000000005,245.6,105385.4,3,8/30,2,698.5,0,1,0,1,0
-498.90000000000003,71.4,47.6,245.6,572.6000000000004,3,9/00,1,698.5,0,1,1,1,0
5499.9,18.6,-7.6000000000000005,245.6,105385.4,2,6/50,2,698.5,1,0,0,0,0
5499.9,18.6,-7.6000000000000005,245.6,105385.4,4,0/10,3,698.5,0,0,0,1,0
5499.9,18.6,-7.6000000000000005,245.6,572.6000000000004,1,2/90,2,698.5,0,0,1,0,0
5499.9,18.6,-7.6000000000000005,245.6,105385.4,4,3/70,2,698.5,1,1,1,1,0
944.6998808401006,42.30039231205041,15.382918470538979,85.45387052506615,90054.92914438591,1,8/20,2,249.8080637233981,1,1,0,0,1
5499.9,18.6,-7.6000000000000005,245.6,105385.4,3,1/10,1,698.5,1,0,1,0,0
5499.9,18.6,-7.6000000000000005,245.6,105385.4,1,0/80,3,698.5,0,0,1,0,0
5499.9,18.6,-7.6000000000000005,245.6,105385.4,4,0/70,3,698.5,1,1,1,1,1
5499.9,18.6,-7.6000000000000005,245.6,105385.4,1,0/10,3,698.5,1,1,1,0,1
5499.9,18.6,-7.6000000000000005,245.6,105385.4,4,7/90,3,698.5,0,1,1,1,1
5499.9,18.6,-7.6000000000000005,245.6,105385.4,2,1/40,1,698.5,0,1,1,1,1
5499.9,18.6,-7.6000000000000005,245.6,105385.4,3,0/00,3,698.5,1,1,0,1,0
5499.9,18.6,-7.6000000000000005,245.6,105385.4,2,7/20,3,698.5,0,0,0,0,0
5499.9,18.6,-7.6000000000000005,245.6,105385.4,1,5/80,3,698.5,1,1,0,0,0
-498.90000000000003,18.6,-7.6000000000000005,245.6,105385.4,3,6/80,3,698.5,1,1,1,0,0
5499.9,18.6,-7.6000000000000005,245.6,105385.4,1,5/40,2,698.5,1,0,0,1,1
5499.9,18.6,-7.6000000000000005,245.6,105385.4,3,5/40,2,698.5,0,0,1,1,1
5499.9,18.6,-7.6000000000000005,245.6,105385.4,2,3/67,2,698.5,0,1,0,0,0
5499.9,18.6,-7.6000000000000005,245.6,105385.4,4,4/67,3,698.5,1,1,0,0,0
5499.9,18.6,-7.6000000000000005,245.6,105385.4,3,9/00,2,698.5,0,1,1,1,1
5499.9,18.6,-7.6000000000000005,245.6,105385.4,3,2/20,2,698.5,1,1,1,1,1
5499.9,18.6,-7.6000000000000005,245.6,105385.4,4,7/00,3,698.5,0,1,0,1,0
5499.9,18.6,-7.6000000000000005,245.6,105385.4,1,6/10,1,698.5,1,0,0,1,0
5499.9,18.6,-7.6000000000000005,245.6,105385.4,4,1/20,2,698.5,0,0,1,0,0
-498.90000000000003,71.4,-7.6000000000000005,245.6,572.6000000000004,1,0/80,3,698.5,1,1,0,1,0
5499.9,18.6,-7.6000000000000005,245.6,105385.4,1,2/80,2,698.5,1,0,1,1,0
5499.9,18.6,-7.6000000000000005,245.6,105385.4,2,3/70,3,698.5,0,0,1,0,0
5499.9,18.6,-7.6000000000000005,245.6,79032.72033266429,1,4/25,1,698.5,1,1,1,1,0
4982.542537589825,18.6,-7.6000000000000005,245.6,96000.63043011555,3,5/50,1,698.5,0,1,0,0,1
5499.9,18.6,-7.6000000000000005,245.6,105385.4,1,5/90,1,698.5,1,0,0,0,1
5499.9,18.6,-7.6000000000000005,245.6,105385.4,2,2/67,2,698.5,0,1,1,0,1
5499.9,18.6,-7.6000000000000005,245.6,105385.4,3,6/40,1,698.5,1,0,1,1,1
-498.90000000000003,18.6,-7.6000000000000005,245.6,105385.4,4,7/40,3,698.5,1,1,1,1,1
5499.9,18.6,-7.6000000000000005,245.6,105385.4,2,3/20,2,698.5,1,1,0,1,0
5499.9,18.6,-7.6000000000000005,245.6,105385.4,4,5/90,1,698.5,0,1,1,1,1
5499.9,18.6,-7.6000000000000005,245.6,105385.4,2,5/70,1,698.5,0,1,1,1,1
5499.9,18.6,-7.6000000000000005,245.6,105385.4,2,8/30,1,698.5,0,0,1,1,0
5499.9,18.6,-7.6000000000000005,245.6,105385.4,4,0/10,3,698.5,0,1,1,0,0
5499.9,18.6,-7.6000000000000005,245.6,105385.4,2,2/75,2,698.5,0,0,0,1,1
3607.9988047294332,65.93210276015658,38.590459154125114,18.764786933483435,96336.10703067693,1,8/00,1,99.44318429197554,0,0,0,1,1
5499.9,18.6,-7.6000000000000005,245.6,105385.4,1,2/60,3,698.5,1,1,1,0,0
5499.9,18.6,-7.6000000000000005,245.6,105385.4,2,0/30,1,698.5,0,0,0,0,1
5499.9,18.6,-7.6000000000000005,245.6,105385.4,4,1/67,2,698.5,0,1,1,1,1
5499.9,18.6,-7.6000000000000005,245.6,105385.4,4,1/30,1,698.5,1,1,1,1,1
5499.9,18.6,-7.6000000000000005,245.6,105385.4,2,0/90,1,698.5,0,1,1,1,1
5499.9,18.6,-7.6000000000000005,245.6,105385.4,4,3/90,3,698.5,0,0,1,1,1
5499.9,18.6,-7.6000000000000005,245.6,572.6000000000004,4,1/00,3,698.5,1,0,1,1,0
5499.9,18.6,-7.6000000000000005,245.6,105385.4,3,0/70,3,698.5,1,0,1,1,1
5499.9,18.6,-7.6000000000000005,245.6,105385.4,3,2/00,1,698.5,0,1,1,1,1
5499.9,18.6,-7.6000000000000005,245.6,105385.4,3,4/75,3,698.5,0,0,0,0,1
133.82568775493837,38.74799632243735,17.150164224420855,245.6,96392.64321711115,4,4/40,3,698.5,0,0,1,1,1
5499.9,18.6,-7.6000000000000005,245.6,105385.4,1,5/20,2,698.5,0,0,0,0,1
5499.9,18.6,-7.6000000000000005,245.6,105385.4,1,5/50,1,698.5,1,1,1,1,0
5499.9,71.4,47.6,245.6,572.6000000000004,3,6/60,1,698.5,0,0,0,0,0
4402.325070508279,18.6,-7.6000000000000005,245.6,105385.4,3,0/90,3,698.5,1,0,0,1,1
5499.9,18.6,-7.6000000000000005,245.6,105385.4,1,2/33,1,698.5,1,1,0,0,0
5499.9,18.6,-7.6000000000000005,245.6,105385.4,1,7/20,1,698.5,0,0,1,1,1
3455.631705046848,49.763478054381636,24.310302052705435,144.3621527488122,92649.62083668546,3,6/90,3,571.2550189536043,1,1,1,1,1
5499.9,18.6,-7.6000000000000005,245.6,105385.4,2,3/70,3,698.5,0,1,0,0,0
5499.9,18.6,-7.6000000000000005,245.6,105385.4,1,1/00,3,698.5,0,0,1,0,0
5499.9,18.6,-7.6000000000000005,245.6,105385.4,2,2/90,3,698.5,0,1,0,1,1
5499.9,18.6,-7.6000000000000005,245.6,105385.4,2,2/67,1,698.5,1,1,1,1,1
5499.9,18.6,-7.6000000000000005,245.6,105385.4,2,5/30,3,698.5,0,0,0,1,1
3424.9955720511775,50.387422050004226,27.671819011868596,18.296747652869563,94629.15920776976,1,0/90,2,131.29184332843738,0,0,0,0,0
5499.9,18.6,-7.6000000000000005,245.6,105385.4,4,5/00,1,698.5,1,0,0,0,1
5499.9,18.6,-7.6000000000000005,245.6,105385.4,3,4/67,2,698.5,0,0,1,1,1
5499.9,18.6,-7.6000000000000005,245.6,105385.4,3,1/67,3,698.5,1,1,0,1,0
5499.9,18.6,-7.6000000000000005,245.6,105385.4,4,5/80,2,698.5,1,1,1,1,0
5499.9,18.6,-7.6000000000000005,245.6,105385.4,1,0/67,3,698.5,0,0,1,0,1
5499.9,18.6,-7.6000000000000005,245.6,105385.4,1,3/30,2,698.5,0,0,0,1,1
5499.9,18.6,-7.6000000000000005,245.6,105385.4,1,8/60,2,698.5,0,1,0,1,0
5499.9,18.6,-7.6000000000000005,245.6,105385.4,1,5/60,1,698.5,0,1,0,1,0
5499.9,18.6,-7.6000000000000005,245.6,105385.4,1,7/20,3,698.5,0,0,0,0,1
5499.9,18.6,-7.6000000000000005,245.6,105385.4,4,3/25,3,698.5,0,1,1,0,0
5499.9,18.6,-7.6000000000000005,245.6,105385.4,2,6/67,1,698.5,0,1,1,1,1
5499.9,18.6,-7.6000000000000005,245.6,105385.4,3,2/70,2,698.5,1,0,1,0,1
5499.9,18.6,-7.6000000000000005,245.6,572.6000000000004,1,8/10,1,698.5,1,1,1,0,1
5499.9,18.6,-7.6000000000000005,245.6,572.6000000000004,2,2/33,1,698.5,0,1,0,0,0
5499.9,18.6,-7.6000000000000005,245.6,105385.4,3,4/30,2,698.5,1,0,1,1,0
3782.5715554099284,18.6,-7.6000000000000005,245.6,105385.4,4,2/33,2,698.5,1,0,0,1,1
5499.9,18.6,-7.6000000000000005,245.6,105385.4,3,2/75,1,698.5,0,0,1,0,0
5499.9,18.6,-7.6000000000000005,245.6,105385.4,2,1/50,1,698.5,0,1,1,1,1
5499.9,18.6,-7.6000000000000005,245.6,105385.4,4,1/00,2,698.5,1,0,0,0,0
5499.9,18.6,-7.6000000000000005,245.6,105385.4,4,4/60,1,698.5,0,0,1,1,0
5499.9,18.6,-7.6000000000000005,245.6,105385.4,3,1/80,1,698.5,1,0,1,0,1
5499.9,18.6,-7.6000000000000005,245.6,105385.4,2,0/20,2,698.5,0,1,1,0,1
5499.9,18.6,-7.6000000000000005,245.6,105385.4,3,4/50,1,698.5,1,0,0,1,0
5499.9,18.6,-7.6000000000000005,245.6,105385.4,3,6/60,3,698.5,0,0,0,1,1
5499.9,18.6,-7.6000000000000005,245.6,105385.4,3,4/60,2,698.5,0,0,1,1,0
5499.9,18.6,-7.6000000000000005,245.6,105385.4,1,9/00,1,698.5,0,1,1,0,1
5499.9,18.6,-7.6000000000000005,245.6,105385.4,3,2/60,1,698.5,0,0,1,0,0
5499.9,18.6,-7.6000000000000005,245.6,105385.4,4,6/40,2,698.5,0,0,0,0,0
4970.325545658684,27.0062469773522,4.0031327030269885,50.62819199357807,92601.6735353949,2,1/33,2,351.92975464242295,1,1,0,0,1
5499.9,18.6,-7.6000000000000005,245.6,105385.4,1,7/00,2,698.5,0,1,1,0,0
-498.90000000000003,18.6,-7.6000000000000005,245.6,572.6000000000004,2,0/30,1,698.5,1,1,0,0,1
1412.6083635812422,51.507758723096394,9.955775405778027,245.6,105385.4,1,8/30,1,698.5,0,1,0,0,0
5499.9,18.6,-7.6000000000000005,245.6,105385.4,4,0/30,3,698.5,0,1,1,1,0
5499.9,18.6,-7.6000000000000005,245.6,572.6000000000004,2,1/60,1,698.5,0,1,1,1,0
5499.9,18.6,-7.6000000000000005,245.6,105385.4,2,7/80,3,698.5,0,1,0,1,1
5499.9,18.6,-7.6000000000000005,245.6,105385.4,4,0/10,1,698.5,1,1,0,1,0
5499.9,18.6,-7.6000000000000005,245.6,105385.4,1,3/10,3,698.5,0,1,1,0,0
4503.871150307565,18.6,-7.6000000000000005,245.6,102965.20102743711,1,2/50,2,698.5,0,1,0,1,0
5499.9,18.6,-7.6000000000000005,245.6,105385.4,1,1/40,2,698.5,1,1,1,0,0
-498.90000000000003,24.922611653904177,-7.6000000000000005,245.6,105385.4,2,3/90,2,698.5,1,0,1,0,0
2487.459475639959,46.69176640405632,26.16696932626371,11.605878006373196,93440.19796801856,3,6/90,3,159.01001843530418,1,1,1,1,0
5499.9,71.4,47.6,245.6,572.6000000000004,3,3/25,1,698.5,0,0,1,1,1
4081.067669713923,39.55837112853557,12.356677054321697,64.46517522971226,94043.53066347276,2,2/75,3,128.29761330142327,0,0,1,1,1
5499.9,18.6,-7.6000000000000005,245.6,572.6000000000004,3,4/70,3,698.5,0,1,0,1,0
5499.9,18.6,-7.6000000000000005,245.6,105385.4,3,7/50,2,698.5,0,0,0,1,1
5499.9,18.6,-7.6000000000000005,245.6,105385.4,3,6/40,1,698.5,0,1,1,0,0
5499.9,18.6,-7.6000000000000005,245.6,105385.4,4,7/20,1,698.5,1,1,0,1,1
5499.9,18.6,-7.6000000000000005,245.6,105385.4,4,5/60,2,698.5,1,1,1,0,0
5499.9,18.6,-7.6000000000000005,245.6,105385.4,4,1/90,1,698.5,1,0,0,1,1
5499.9,18.6,-7.6000000000000005,245.6,105385.4,4,2/67,2,698.5,1,1,0,1,1
3145.6501143078112,18.6,-7.6000000000000005,245.6,105385.4,3,3/40,2,698.5,0,1,1,0,0
5499.9,18.6,-7.6000000000000005,245.6,105385.4,1,0/30,3,698.5,1,1,0,0,0
5499.9,18.6,-7.6000000000000005,245.6,44492.601043112816,4,7/60,3,698.5,1,0,1,0,0
5499.9,18.6,-7.6000000000000005,245.6,105385.4,2,4/60,2,698.5,1,1,0,1,0
-498.90000000000003,18.6,-7.6000000000000005,245.6,105385.4,2,4/90,3,698.5,0,1,0,1,1
5499.9,18.6,-7.6000000000000005,245.6,105385.4,4,0/75,1,698.5,1,1,0,1,1
5499.9,18.6,-7.6000000000000005,245.6,105385.4,3,2/33,1,698.5,1,0,0,0,1
2122.397205657273,49.77211398084122,26.9715595070953,9.798639622903451,96390.87889319452,1,6/70,1,157.80718172755977,1,0,1,0,0
5499.9,18.6,-7.6000000000000005,245.6,105385.4,1,7/80,1,698.5,1,0,0,0,1
5499.9,18.6,-7.6000000000000005,245.6,105385.4,4,3/00,2,698.5,0,0,0,1,1
5499.9,18.6,-7.6000000000000005,245.6,105385.4,4,8/10,3,698.5,0,1,0,1,0
5499.9,18.6,-7.6000000000000005,245.6,105385.4,1,1/70,2,698.5,1,0,1,1,1
5499.9,18.6,-7.6000000000000005,245.6,105385.4,2,3/80,1,698.5,0,0,0,1,1
5499.9,18.6,-7.6000000000000005,245.6,105385.4,2,0/00,1,698.5,1,1,0,1,0
5499.9,18.6,-7.6000000000000005,245.6,105385.4,2,4/75,2,698.5,0,1,0,0,0
5499.9,18.6,-7.6000000000000005,245.6,105385.4,4,5/80,3,698.5,0,1,1,1,0
5499.9,18.6,-7.6000000000000005,245.6,105385.4,4,3/50,3,698.5,1,1,0,0,0
5499.9,18.6,-7.6000000000000005,245.6,105385.4,2,7/80,3,698.5,0,1,1,0,0
5499.9,18.6,-7.6000000000000005,245.6,105385.4,3,0/10,1,698.5,1,0,1,1,1
5499.9,18.6,-7.6000000000000005,245.6,105385.4,2,3/33,2,698.5,0,1,1,0,1
5499.9,18.6,-7.6000000000000005,245.6,105385.4,3,0/80,2,698.5,1,0,0,0,1
5499.9,18.6,-7.6000000000000005,245.6,572.6000000000004,1,8/50,1,698.5,1,0,0,0,0
5499.9,18.6,-7.6000000000000005,245.6,105385.4,2,1/33,2,698.5,0,0,1,0,0
4794.919645901467,26.135051706627745,-7.6000000000000005,245.6,105318.92081432218,4,0/40,2,698.5,1,1,0,0,1
1973.9661412257908,60.385196914326,37.810017255371314,51.09677839449729,97085.35764652163,1,4/75,2,201.2517822528045,1,1,1,1,1
5499.9,18.6,-7.6000000000000005,245.6,105385.4,2,1/70,1,698.5,1,0,0,0,1
5499.9,18.6,-7.6000000000000005,245.6,105385.4,1,1/60,3,698.5,0,0,0,1,1
3498.61334045838,31.3704550968957,5.998218204089637,69.50720883440077,94895.58653446811,2,3/90,3,302.69468332787835,0,1,1,1,0
5499.9,18.6,-7.6000000000000005,245.6,105385.4,2,7/30,1,698.5,0,1,0,0,0
5499.9,18.6,-7.6000000000000005,245.6,105385.4,2,5/50,3,698.5,1,0,0,0,0
5499.9,18.6,-7.6000000000000005,245.6,105385.4,3,6/30,1,698.5,0,1,0,0,0
5499.9,18.6,-7.6000000000000005,245.6,105385.4,1,2/00,3,698.5,0,1,1,1,1
1779.6448094686489,47.84435721255441,26.52676839803803,200.43206613652262,96991.7401696763,4,8/50,3,698.5,1,0,0,1,0
5499.9,18.6,-7.6000000000000005,245.6,105385.4,3,1/70,3,698.5,1,1,0,1,0
5499.9,18.6,-7.6000000000000005,245.6,105385.4,1,0/70,2,698.5,1,0,1,0,0
5499.9,18.6,-7.6000000000000005,245.6,105385.4,1,4/33,1,698.5,0,0,1,0,1
2368.6607536392926,53.616087488848585,26.21048616077426,138.0386370865428,95704.41924238033,4,5/67,2,138.07717345860044,1,0,0,1,0
5499.9,18.6,-7.6000000000000005,245.6,105385.4,1,0/60,1,698.5,0,1,0,1,1
5499.9,18.6,-7.6000000000000005,245.6,12246.734699870896,4,6/67,3,698.5,1,1,1,0,0
3797.4691001799247,65.06169429062061,40.913706004407096,28.931535031217543,95218.0439669154,3,3/60,3,59.67274070723762,0,1,0,1,0
5499.9,18.6,-7.6000000000000005,245.6,105385.4,1,0/50,3,698.5,0,0,1,0,0
2203.197717049325,18.6,-7.6000000000000005,245.6,105385.4,3,7/90,3,698.5,1,0,0,0,0
5499.9,18.6,-7.6000000000000005,245.6,105385.4,4,6/67,3,698.5,1,0,1,0,1
5499.9,18.6,-7.6000000000000005,245.6,105385.4,2,2/33,3,698.5,1,1,0,1,0
5499.9,18.6,-7.6000000000000005,245.6,105385.4,3,7/20,2,698.5,0,0,1,1,1
5002.069543627667,41.3481997753853,12.972432520090845,101.59973053258206,94510.21987556484,1,4/00,1,512.1719159588301,1,1,0,1,1
5499.9,51.074497601152515,-7.6000000000000005,245.6,572.6000000000004,3,1/80,1,698.5,1,0,1,0,0
5499.9,18.6,-7.6000000000000005,245.6,105385.4,3,7/00,3,698.5,0,1,0,0,1
2640.9639138701996,18.6,-7.6000000000000005,245.6,105385.4,3,4/60,2,698.5,0,1,0,1,0
5499.9,18.6,-7.6000000000000005,245.6,105385.4,2,7/50,3,698.5,1,1,1,1,1
5499.9,18.6,-7.6000000000000005,245.6,105385.4,4,0/40,1,698.5,0,1,1,0,1
5499.9,18.6,-7.6000000000000005,245.6,572.6000000000004,1,3/40,1,698.5,1,1,1,0,0
5499.9,18.6,-7.6000000000000005,245.6,105385.4,1,4/70,1,698.5,0,0,0,1,0
5499.9,18.6,-7.6000000000000005,245.6,105385.4,4,2/50,1,698.5,1,0,1,0,0
5499.9,18.6,-7.6000000000000005,245.6,105385.4,3,6/20,2,698.5,1,1,1,0,0
5499.9,18.6,-7.6000000000000005,245.6,105385.4,3,3/00,3,698.5,1,0,0,1,0
5499.9,18.6,-7.6000000000000005,245.6,105385.4,1,0/00,3,698.5,1,1,0,0,0
5499.9,18.6,-7.6000000000000005,245.6,105385.4,2,6/20,3,698.5,0,1,0,0,0
5499.9,18.6,-7.6000000000000005,245.6,105385.4,1,4/80,3,698.5,0,1,1,0,1
5499.9,18.6,-7.6000000000000005,245.6,105385.4,2,8/20,3,698.5,0,0,0,1,1
5499.9,18.6,-7.6000000000000005,245.6,105385.4,1,6/00,3,698.5,0,0,1,1,1
5499.9,18.6,-7.6000000000000005,245.6,105385.4,1,0/67,2,698.5,1,1,1,1,0
5499.9,18.6,-7.6000000000000005,245.6,105385.4,1,5/90,2,698.5,0,1,0,1,0
4963.609652181514,18.6,-7.6000000000000005,245.6,105385.4,4,6/20,3,698.5,0,0,1,0,1
2626.118099779418,18.6,-7.6000000000000005,245.6,105385.4,2,0/20,1,698.5,1,0,0,0,0
3051.7736474581625,18.6,-7.6000000000000005,245.6,105385.4,1,0/75,3,698.5,0,0,1,1,0
5499.9,18.6,-7.6000000000000005,245.6,105385.4,4,5/50,2,698.5,1,0,0,1,0
5499.9,18.6,-7.6000000000000005,245.6,105385.4,1,8/90,3,698.5,0,1,0,1,0
1877.9328893905436,24.55149083850951,1.3370336314818836,135.11029688021762,90450.49004279578,4,5/90,2,448.42111619469114,1,0,0,1,1
5499.9,18.6,-7.6000000000000005,245.6,105385.4,1,2/33,1,698.5,1,1,0,1,1
5499.9,18.6,-7.6000000000000005,245.6,105385.4,4,1/50,2,698.5,0,1,1,0,0
5499.9,71.4,-7.6000000000000005,245.6,572.6000000000004,3,1/70,1,698.5,1,0,0,1,0
5499.9,18.6,-7.6000000000000005,245.6,105385.4,4,4/40,3,698.5,1,0,1,0,1
5499.9,18.6,-7.6000000000000005,245.6,105385.4,1,0/70,2,698.5,0,0,0,1,1
5499.9,18.6,-7.6000000000000005,245.6,105385.4,3,2/20,1,698.5,1,0,1,0,1
5499.9,18.6,-7.6000000000000005,245.6,105385.4,3,5/20,2,698.5,1,0,1,1,1
5499.9,18.6,-7.6000000000000005,245.6,105385.4,3,2/50,1,698.5,1,1,0,0,0
3532.96577695177,29.291334071824277,7.481861125752355,93.6582110378441,90778.74879702978,1,1/00,3,304.2780725979752,0,0,1,0,0
5499.9,18.6,-7.6000000000000005,245.6,105385.4,1,4/25,2,698.5,1,0,1,1,0
5499.9,18.6,-7.6000000000000005,245.6,572.6000000000004,4,3/80,3,698.5,1,1,0,0,0
5499.9,18.6,-7.6000000000000005,245.6,105385.4,4,6/80,3,698.5,1,0,1,1,0
5499.9,18.6,-7.6000000000000005,245.6,105385.4,3,1/75,3,698.5,0,1,0,0,0
1791.538284355333,21.225882364037144,-0.04491819697792465,89.64110378252484,92198.25154143583,4,4/33,1,365.34052909498655,0,0,1,0,0
5499.9,18.6,-7.6000000000000005,245.6,105385.4,2,2/67,2,698.5,0,0,1,0,0
3768.095332794768,35.967546236989286,8.402995522362735,245.6,99151.03919854981,1,0/60,2,698.5,0,1,0,0,0
5499.9,18.6,-7.6000000000000005,245.6,101357.56162203908,3,2/50,1,698.5,0,0,1,0,1
3010.156291247461,71.4,47.6,245.6,97754.32240183395,4,2/40,2,698.5,1,1,1,1,1
5499.9,18.6,-7.6000000000000005,245.6,105385.4,1,7/00,1,698.5,0,0,0,1,0
5499.9,18.6,-7.6000000000000005,245.6,105385.4,4,2/75,1,698.5,1,0,1,1,1
5499.9,18.6,-7.6000000000000005,245.6,105385.4,3,8/80,3,698.5,0,0,1,1,1
5499.9,18.6,-7.6000000000000005,245.6,105385.4,2,3/67,2,698.5,0,1,1,0,0
2819.5929565269676,18.6,-7.6000000000000005,245.6,105385.4,1,6/40,3,698.5,0,0,0,0,1
5499.9,18.6,-7.6000000000000005,245.6,105385.4,1,9/30,2,698.5,1,0,0,0,1
5499.9,18.6,-7.6000000000000005,245.6,105385.4,4,4/80,2,698.5,0,1,0,0,1
5499.9,18.6,-7.6000000000000005,245.6,105385.4,1,3/40,1,698.5,0,1,1,0,0
5499.9,18.6,-7.6000000000000005,245.6,105385.4,4,2/10,1,698.5,0,1,0,1,0
5499.9,71.4,47.6,245.6,572.6000000000004,3,1/70,2,698.5,1,1,0,1,1
5499.9,18.6,-7.6000000000000005,245.6,105385.4,2,7/90,1,698.5,1,1,0,1,1
5499.9,18.6,-7.6000000000000005,245.6,105385.4,1,1/50,2,698.5,0,0,1,1,0
5499.9,18.6,-7.6000000000000005,245.6,105385.4,1,2/75,2,698.5,1,0,0,1,1
5499.9,18.6,-7.6000000000000005,245.6,105385.4,3,8/60,1,698.5,0,1,0,1,0
5499.9,18.6,-7.6000000000000005,245.6,105385.4,4,4/20,3,698.5,0,1,1,1,0
5499.9,18.6,-7.6000000000000005,245.6,105385.4,3,6/33,1,698.5,0,0,1,1,0
5499.9,18.6,-7.6000000000000005,245.6,105385.4,2,0/90,2,698.5,0,0,1,0,0
-498.90000000000003,52.73961515508418,1.9958662288022069,245.6,105385.4,4,3/50,1,698.5,1,0,0,1,0
5499.9,18.6,-7.6000000000000005,245.6,105385.4,4,7/40,2,698.5,0,1,1,1,1
5499.9,18.6,-7.6000000000000005,245.6,105385.4,1,1/50,2,698.5,0,1,0,0,1
5499.9,18.6,-7.6000000000000005,245.6,105385.4,4,6/33,1,698.5,0,0,1,1,0
5499.9,18.6,-7.6000000000000005,245.6,105385.4,2,2/10,1,698.5,1,0,0,1,0
5499.9,18.6,-7.6000000000000005,245.6,105385.4,4,8/30,1,698.5,0,0,1,1,1
5499.9,18.6,-7.6000000000000005,245.6,105385.4,4,6/70,1,698.5,1,0,0,1,0
4844.68557490682,18.6,-7.6000000000000005,245.6,105385.4,3,1/70,1,698.5,1,0,1,0,0
5499.9,18.6,-7.6000000000000005,245.6,105385.4,2,0/10,2,698.5,0,1,0,0,0
5499.9,18.6,-7.6000000000000005,245.6,105385.4,1,1/75,1,698.5,0,1,0,0,0
2339.48042521713,18.6,-7.6000000000000005,245.6,100239.7960364351,4,6/20,3,698.5,0,1,0,0,1
5499.9,18.6,-7.6000000000000005,245.6,105385.4,1,1/90,2,698.5,0,0,1,0,0
5499.9,18.6,-7.6000000000000005,245.6,105385.4,1,0/67,2,698.5,0,0,1,0,1
5499.9,18.6,-7.6000000000000005,245.6,105385.4,1,1/40,3,698.5,0,0,0,0,0
1994.1580558920712,48.67382559634105,21.706624961977386,198.12233375375325,93400.24716266787,2,4/80,3,665.9647909355843,1,1,1,0,0
2682.1933965017524,25.36077981898104,3.5693511914627436,109.92992638591834,96697.0212286934,4,6/00,2,35.20902260850336,1,0,0,1,1
5499.9,18.6,-7.6000000000000005,245.6,100250.23275679207,1,0/50,1,698.5,0,1,0,0,0
5499.9,18.6,-7.6000000000000005,245.6,105385.4,2,4/40,1,698.5,1,1,0,1,0
5499.9,18.6,-7.6000000000000005,245.6,105385.4,4,2/10,3,698.5,1,0,1,0,1
5499.9,18.6,-7.6000000000000005,245.6,105385.4,3,1/80,3,698.5,0,1,0,1,0
5499.9,18.6,-7.6000000000000005,245.6,105385.4,4,2/30,3,698.5,0,0,1,0,1
5499.9,18.6,-7.6000000000000005,245.6,105385.4,2,3/33,2,698.5,0,1,0,1,1
1455.2814443574039,69.65049616605646,45.15382368486856,-2.3283904626835294,92180.8776900236,3,4/67,3,144.51944132769123,0,1,0,0,0
5499.9,18.6,-7.6000000000000005,245.6,105385.4,2,8/50,2,698.5,0,0,0,1,0
5499.9,18.6,-7.6000000000000005,245.6,105385.4,3,2/00,2,698.5,0,0,1,1,1
5499.9,71.4,-7.6000000000000005,245.6,572.6000000000004,2,4/60,3,698.5,1,1,0,1,0
5499.9,18.6,-7.6000000000000005,245.6,105385.4,3,7/20,2,698.5,0,1,1,0,1
5499.9,18.6,-7.6000000000000005,245.6,105385.4,4,0/75,1,698.5,0,0,1,0,0
5499.9,18.6,-7.6000000000000005,245.6,105385.4,2,2/10,3,698.5,1,0,1,0,0
5499.9,18.6,-7.6000000000000005,245.6,105385.4,4,8/10,2,698.5,1,0,1,0,1
5499.9,18.6,-7.6000000000000005,245.6,105385.4,3,2/70,2,698.5,1,0,1,1,1
5499.9,18.6,-7.6000000000000005,245.6,105385.4,1,6/30,3,698.5,1,0,0,0,0
5499.9,18.6,-7.6000000000000005,245.6,105385.4,3,4/60,1,698.5,0,1,0,0,0
5499.9,18.6,-7.6000000000000005,245.6,105385.4,3,0/50,1,698.5,1,0,1,1,1
5499.9,18.6,-7.6000000000000005,245.6,101456.15749799463,2,8/90,1,698.5,1,0,0,0,0
5499.9,18.6,-7.6000000000000005,245.6,105385.4,3,2/75,3,698.5,0,1,1,1,1
5499.9,18.6,-7.6000000000000005,245.6,39055.301173611864,2,6/50,3,698.5,1,0,0,1,1
5499.9,18.6,-7.6000000000000005,245.6,105385.4,2,5/20,2,698.5,1,0,0,1,1
5499.9,18.6,-7.6000000000000005,245.6,105385.4,4,0/75,2,698.5,1,0,0,0,1
5499.9,18.6,-7.6000000000000005,245.6,105385.4,1,1/33,1,698.5,1,0,0,1,1
5499.9,18.6,-7.6000000000000005,245.6,105385.4,3,4/67,1,698.5,0,1,0,0,1
5499.9,18.6,-7.6000000000000005,245.6,105385.4,4,5/00,3,698.5,1,0,1,1,0
5499.9,18.6,-7.6000000000000005,245.6,105385.4,2,8/80,2,698.5,1,1,1,0,0
5499.9,18.6,-7.6000000000000005,245.6,105385.4,4,3/50,3,698.5,0,1,1,0,1
5499.9,18.6,-7.6000000000000005,245.6,105385.4,4,7/00,2,698.5,0,1,0,0,0
5499.9,18.6,-7.6000000000000005,245.6,105385.4,3,5/20,3,698.5,0,1,1,1,0
-498.90000000000003,18.6,-7.6000000000000005,245.6,105385.4,3,1/50,1,698.5,1,0,0,1,0
5499.9,18.6,-7.6000000000000005,245.6,105385.4,2,5/60,3,698.5,0,0,0,0,1
5499.9,18.6,-7.6000000000000005,245.6,105385.4,2,2/30,3,698.5,1,1,1,0,1
5499.9,18.6,-7.6000000000000005,245.6,105385.4,3,3/80,3,698.5,0,0,1,0,1
5499.9,18.6,-7.6000000000000005,245.6,105385.4,2,6/50,3,698.5,1,0,1,0,0
5499.9,18.6,-7.6000000000000005,245.6,71911.12705899024,2,6/00,3,698.5,0,1,1,1,0
5499.9,18.6,-7.6000000000000005,245.6,101924.82596492546,1,4/50,2,698.5,1,0,0,0,0
5499.9,18.6,-7.6000000000000005,245.6,105385.4,1,2/67,3,698.5,1,1,0,1,0
536.5253992578594,53.262635495590295,27.526484244187667,245.6,91546.53115399941,3,6/60,1,698.5,1,0,0,0,0
5499.9,18.6,-7.6000000000000005,245.6,105385.4,2,0/90,1,698.5,0,1,0,0,0
5499.9,18.6,-7.6000000000000005,245.6,105385.4,1,2/50,3,698.5,1,1,1,1,1
5499.9,18.6,-7.6000000000000005,245.6,105385.4,1,8/00,1,698.5,0,0,0,0,0
1954.869239915044,18.6,-7.6000000000000005,245.6,102424.58552432469,2,5/20,3,698.5,1,0,0,0,1
5499.9,18.6,-7.6000000000000005,245.6,105385.4,1,4/75,2,698.5,1,0,1,1,1
5499.9,18.6,-7.6000000000000005,245.6,105385.4,3,6/10,1,698.5,1,0,0,0,0
5499.9,18.6,-7.6000000000000005,245.6,572.6000000000004,2,2/33,1,698.5,0,1,0,0,0
5499.9,18.6,-7.6000000000000005,245.6,105385.4,3,1/10,3,698.5,0,0,0,0,1
5499.9,18.6,-7.6000000000000005,245.6,105385.4,2,5/50,2,698.5,1,0,0,0,1
5499.9,18.6,-7.6000000000000005,245.6,105385.4,2,2/67,1,698.5,1,0,1,0,1
5499.9,18.6,-7.6000000000000005,245.6,105385.4,1,2/70,3,698.5,0,0,0,1,1
5499.9,18.6,-7.6000000000000005,245.6,105385.4,3,4/90,3,698.5,0,1,1,1,1
5499.9,18.6,-7.6000000000000005,245.6,105385.4,3,9/00,3,698.5,0,1,1,0,1
5499.9,18.6,-7.6000000000000005,245.6,572.6000000000004,3,4/60,2,698.5,0,0,0,1,1
-498.90000000000003,18.6,-7.6000000000000005,245.6,105385.4,2,5/80,1,698.5,1,1,0,0,1
5499.9,18.6,-7.6000000000000005,245.6,105385.4,4,2/70,3,698.5,1,1,0,1,1
5499.9,18.6,-7.6000000000000005,245.6,105385.4,3,4/70,2,698.5,0,1,1,0,1
5499.9,18.6,-7.6000000000000005,245.6,105385.4,4,6/30,1,698.5,1,1,1,1,1
5499.9,18.6,-7.6000000000000005,245.6,105385.4,2,4/00,3,698.5,0,0,0,1,1
5499.9,18.6,-7.6000000000000005,245.6,105385.4,2,6/00,1,698.5,1,0,0,1,0
5499.9,18.6,-7.6000000000000005,245.6,105385.4,4,0/20,3,698.5,1,1,1,1,0
5499.9,18.6,-7.6000000000000005,245.6,105385.4,1,1/75,1,698.5,0,0,1,0,1
5499.9,18.6,-7.6000000000000005,245.6,105385.4,1,6/10,1,698.5,0,0,1,0,0
5499.9,18.6,-7.6000000000000005,245.6,105385.4,2,8/50,1,698.5,1,1,1,1,1
2953.174012969213,18.6,-7.6000000000000005,245.6,105385.4,4,5/00,3,698.5,1,1,1,1,1
5499.9,18.6,-7.6000000000000005,245.6,105385.4,4,4/30,3,698.5,0,0,1,0,0
5499.9,18.6,-7.6000000000000005,245.6,105385.4,1,1/10,3,698.5,1,1,0,0,0
5499.9,18.6,-7.6000000000000005,245.6,105385.4,4,9/30,2,698.5,0,1,1,0,1
-498.90000000000003,71.4,8.023061698055937,245.6,105385.4,3,1/10,2,698.5,0,1,1,1,0
5499.9,18.6,-7.6000000000000005,245.6,105385.4,3,1/10,2,698.5,1,0,0,0,1
5499.9,18.6,-7.6000000000000005,245.6,105385.4,2,6/10,1,698.5,0,0,1,0,1
5499.9,18.6,-7.6000000000000005,245.6,105385.4,1,2/67,2,698.5,0,0,1,1,0
5499.9,18.6,-7.6000000000000005,245.6,105385.4,3,6/50,2,698.5,1,0,0,1,0
5499.9,18.6,-7.6000000000000005,245.6,105385.4,4,0/20,1,698.5,0,1,1,0,1
5499.9,18.6,-7.6000000000000005,245.6,572.6000000000004,4,2/67,2,698.5,0,0,0,1,1
5499.9,18.6,-7.6000000000000005,245.6,105385.4,1,5/30,2,698.5,0,1,1,0,0
5499.9,18.6,-7.6000000000000005,245.6,105385.4,3,5/30,1,698.5,1,1,1,1,1
5499.9,18.6,-7.6000000000000005,245.6,105385.4,2,8/90,2,698.5,0,0,1,1,0
5499.9,18.6,-7.6000000000000005,245.6,105385.4,2,6/40,1,698.5,0,0,1,1,1
5499.9,18.6,-7.6000000000000005,245.6,105385.4,2,0/50,3,698.5,1,1,1,0,1
5499.9,18.6,-7.6000000000000005,245.6,105385.4,4,5/00,1,698.5,0,0,0,0,0
5499.9,18.6,-7.6000000000000005,245.6,105385.4,1,2/30,2,698.5,1,1,1,0,1
5499.9,18.6,-7.6000000000000005,245.6,105385.4,2,3/20,3,698.5,0,0,0,1,0
5499.9,18.6,-7.6000000000000005,245.6,572.6000000000004,3,5/67,2,698.5,1,1,1,0,0
5499.9,18.6,-7.6000000000000005,245.6,105385.4,1,4/60,2,698.5,0,0,0,1,0
5499.9,18.6,-7.6000000000000005,245.6,572.6000000000004,2,2/70,2,698.5,1,0,1,0,0
5499.9,18.6,-7.6000000000000005,245.6,572.6000000000004,2,0/60,2,698.5,1,1,1,0,1
5499.9,18.6,-7.6000000000000005,245.6,105385.4,3,3/20,3,698.5,0,1,0,0,0
5499.9,18.6,-7.6000000000000005,245.6,105385.4,4,4/80,1,698.5,1,0,0,0,1
5499.9,18.6,-7.6000000000000005,245.6,105385.4,1,1/20,3,698.5,0,0,0,0,1
5499.9,18.6,-7.6000000000000005,245.6,105385.4,3,3/80,3,698.5,0,0,0,1,0
5499.9,18.6,-7.6000000000000005,245.6,105385.4,3,4/60,1,698.5,1,0,1,1,1
-498.90000000000003,18.6,-7.6000000000000005,245.6,105385.4,4,2/00,2,698.5,1,0,0,0,0
5499.9,18.6,-7.6000000000000005,245.6,105385.4,1,8/20,2,698.5,1,0,1,1,1
5499.9,67.14340829352096,41.86741363769596,245.6,91231.23858644141,2,0/60,3,698.5,1,0,1,1,1
5499.9,18.6,-7.6000000000000005,245.6,105385.4,3,6/00,1,698.5,0,1,0,0,1
5499.9,18.6,-7.6000000000000005,245.6,105385.4,2,5/70,2,698.5,0,1,1,1,1
5499.9,18.6,-7.6000000000000005,245.6,105385.4,4,2/33,2,698.5,1,1,1,0,0
5499.9,18.6,-7.6000000000000005,245.6,105385.4,1,3/67,3,698.5,0,1,0,1,1
5499.9,18.6,-7.6000000000000005,245.6,105385.4,1,3/30,3,698.5,1,0,1,0,1
5499.9,18.6,-7.6000000000000005,245.6,105385.4,1,1/20,1,698.5,0,0,1,1,1
5499.9,18.6,-7.6000000000000005,245.6,105385.4,4,9/00,2,698.5,1,1,1,1,1
5499.9,18.6,-7.6000000000000005,245.6,572.6000000000004,4,7/80,3,698.5,1,1,1,0,1
5499.9,18.6,-7.6000000000000005,245.6,105385.4,2,4/25,3,698.5,0,0,1,1,0
5499.9,18.6,-7.6000000000000005,245.6,51787.19651343204,2,9/30,1,698.5,1,0,0,1,1
5499.9,18.6,-7.6000000000000005,245.6,104128.90416310432,4,6/30,3,698.5,1,1,0,1,1
5499.9,18.6,-7.6000000000000005,245.6,105385.4,4,7/40,1,698.5,0,0,0,0,1
5499.9,18.6,-7.6000000000000005,245.6,105385.4,2,5/33,1,698.5,0,1,0,1,0
5499.9,18.6,-7.6000000000000005,245.6,105385.4,3,2/10,3,698.5,1,1,0,1,0
5499.9,18.6,-7.6000000000000005,245.6,105385.4,1,4/40,2,698.5,1,0,0,1,0
5499.9,18.6,-7.6000000000000005,245.6,105385.4,3,0/50,1,698.5,0,1,0,1,0
5499.9,18.6,-7.6000000000000005,245.6,105385.4,4,0/75,3,698.5,1,0,0,1,0
5499.9,18.6,-7.6000000000000005,245.6,105385.4,3,5/67,3,698.5,0,1,0,1,1
5499.9,18.6,-7.6000000000000005,245.6,105385.4,3,9/00,2,698.5,0,0,1,1,0
5499.9,18.6,-7.6000000000000005,245.6,105385.4,1,1/00,2,698.5,1,0,0,0,0
5499.9,18.6,-7.6000000000000005,245.6,105385.4,1,1/60,1,698.5,1,0,0,0,0
665.8277608102405,28.802913446837916,5.3120492569730065,118.72144358469924,94100.45474024795,2,9/30,3,458.5960646687069,0,1,1,1,0
4068.914464678999,33.647823922590874,6.960243160654636,244.5668854837716,94670.04781986309,2,5/60,2,698.5,1,0,0,1,0
5499.9,18.6,-7.6000000000000005,245.6,105385.4,1,4/60,1,698.5,1,0,1,1,1
769.2004599401994,18.6,-7.6000000000000005,245.6,105385.4,4,4/00,2,698.5,1,0,0,1,0
5499.9,18.6,-7.6000000000000005,245.6,105385.4,4,3/25,2,698.5,1,0,1,0,0
5499.9,18.6,-7.6000000000000005,245.6,105385.4,4,1/90,3,698.5,1,0,0,0,0
5499.9,18.6,-7.6000000000000005,245.6,105385.4,4,6/40,2,698.5,1,1,0,1,0
5499.9,18.6,-7.6000000000000005,245.6,572.6000000000004,4,2/00,1,698.5,0,0,0,1,1
5499.9,18.6,-7.6000000000000005,245.6,105385.4,3,5/70,1,698.5,1,1,1,1,1
5499.9,18.6,-7.6000000000000005,245.6,105385.4,4,2/30,1,698.5,1,0,0,0,0
5499.9,18.6,-7.6000000000000005,245.6,105385.4,1,6/50,1,698.5,1,1,0,0,1
5499.9,18.6,-7.6000000000000005,245.6,105385.4,2,4/33,2,698.5,0,0,1,0,1
5499.9,18.6,-7.6000000000000005,245.6,105385.4,1,0/90,1,698.5,1,0,0,1,0
5499.9,18.6,-7.6000000000000005,245.6,105385.4,4,5/60,2,698.5,1,1,1,0,1
5499.9,18.6,-7.6000000000000005,245.6,105385.4,2,5/33,2,698.5,1,0,0,1,0
5499.9,18.6,-7.6000000000000005,245.6,105385.4,1,4/80,3,698.5,1,0,0,1,1
5499.9,18.6,-7.6000000000000005,245.6,105385.4,3,2/67,1,698.5,1,0,0,0,1
5499.9,18.6,-7.6000000000000005,245.6,105385.4,3,6/90,3,698.5,0,0,1,1,0
5499.9,18.6,-7.6000000000000005,245.6,103735.0890195797,3,6/80,3,698.5,1,1,0,1,1
5499.9,18.6,-7.6000000000000005,245.6,16007.844789760304,4,4/60,1,698.5,0,0,0,1,1
5499.9,71.4,47.6,245.6,572.6000000000004,1,7/80,2,698.5,0,1,1,1,0
2451.638404061318,18.6,-7.6000000000000005,245.6,105385.4,4,4/67,2,698.5,0,0,1,1,0
4806.653227941411,50.64912860130124,27.106927744467985,28.516690130646836,92885.0880338447,1,1/00,3,109.17410431776977,1,1,1,0,0
5499.9,18.6,-7.6000000000000005,245.6,105385.4,1,7/20,1,698.5,0,0,1,0,0
5499.9,18.6,-7.6000000000000005,245.6,105385.4,1,6/10,2,698.5,1,0,1,0,1
5499.9,18.6,-7.6000000000000005,245.6,572.6000000000004,1,5/80,2,698.5,0,1,1,0,1
5499.9,18.6,-7.6000000000000005,245.6,105385.4,2,5/70,2,698.5,0,0,1,0,1
438.6604033909098,18.6,-7.6000000000000005,245.6,105385.4,3,3/33,3,698.5,0,1,0,0,0
5499.9,18.6,-7.6000000000000005,245.6,105385.4,1,2/70,1,698.5,0,1,1,0,0
5499.9,18.6,-7.6000000000000005,245.6,105385.4,1,4/90,2,698.5,0,0,1,1,0
5499.9,18.6,-7.6000000000000005,245.6,105385.4,1,4/33,1,698.5,0,1,1,0,0
5499.9,18.6,-7.6000000000000005,245.6,105385.4,4,8/60,2,698.5,1,1,1,0,0
5499.9,39.07603913806541,-7.6000000000000005,245.6,572.6000000000004,3,8/30,1,698.5,0,1,1,0,0
5499.9,18.6,-7.6000000000000005,245.6,105385.4,1,0/90,1,698.5,0,0,0,1,0
5499.9,18.6,-7.6000000000000005,245.6,105385.4,4,6/50,3,698.5,0,0,0,1,0
5499.9,18.6,-7.6000000000000005,245.6,105385.4,2,8/60,2,698.5,0,1,1,1,0
5499.9,18.6,-7.6000000000000005,245.6,105385.4,3,1/70,3,698.5,1,1,0,1,0
5499.9,18.6,-7.6000000000000005,245.6,105385.4,2,7/30,1,698.5,0,0,0,0,1
-204.0465386714618,18.6,-7.6000000000000005,245.6,105385.4,4,5/80,2,698.5,1,0,1,0,0
5499.9,18.6,-7.6000000000000005,245.6,105385.4,1,5/20,3,698.5,0,1,1,1,0
5499.9,18.6,-7.6000000000000005,245.6,105385.4,1,0/20,2,698.5,0,0,1,0,0
5499.9,18.6,-7.6000000000000005,245.6,105385.4,4,1/10,3,698.5,1,1,1,1,0
5499.9,18.6,-7.6000000000000005,245.6,105385.4,3,0/90,2,698.5,1,0,0,1,1
5499.9,18.6,-7.6000000000000005,245.6,105385.4,4,4/90,1,698.5,0,0,1,0,1
5499.9,18.6,-7.6000000000000005,245.6,105385.4,2,5/67,1,698.5,1,0,1,1,0
5499.9,18.6,-7.6000000000000005,245.6,105385.4,4,0/90,2,698.5,0,1,0,0,1
1641.8418567135004,18.6,-7.6000000000000005,245.6,105385.4,1,5/67,1,698.5,0,1,1,0,1
5499.9,18.6,-7.6000000000000005,245.6,105385.4,2,1/50,3,698.5,1,1,1,1,1
5499.9,18.6,-7.6000000000000005,245.6,105385.4,4,5/60,1,698.5,0,0,1,1,0
5483.947917742484,18.6,-7.6000000000000005,245.6,105385.4,3,4/90,1,698.5,1,0,1,1,0
5499.9,18.6,-7.6000000000000005,245.6,105385.4,2,7/80,3,698.5,1,1,0,0,1
5499.9,18.6,-7.6000000000000005,245.6,105385.4,4,2/90,3,698.5,0,1,0,1,1
4293.75567368986,43.89410590735001,21.203724749637225,127.53488741327234,88518.69841963435,1,3/60,1,43.60675300360265,1,1,1,0,0
5499.9,18.6,-7.6000000000000005,245.6,105385.4,1,9/00,3,698.5,0,1,1,0,1
-336.83199456633656,18.6,-7.6000000000000005,245.6,105385.4,1,6/90,2,698.5,1,0,1,1,1
5499.9,18.6,-7.6000000000000005,245.6,105385.4,4,1/80,3,698.5,1,1,0,1,0
5499.9,18.6,-7.6000000000000005,245.6,105385.4,2,3/00,1,698.5,0,0,1,0,0
5499.9,18.6,-7.6000000000000005,245.6,105385.4,1,1/00,1,698.5,0,0,1,1,0
5499.9,18.6,-7.6000000000000005,245.6,105385.4,2,7/90,1,698.5,1,1,0,0,1
5499.9,18.6,-7.6000000000000005,245.6,105385.4,3,6/10,3,698.5,0,0,1,0,0
5499.9,18.6,-7.6000000000000005,245.6,105385.4,1,7/80,3,698.5,0,1,0,1,0
5499.9,18.6,-7.6000000000000005,245.6,105385.4,4,0/50,3,698.5,0,1,0,1,1
5499.9,18.6,-7.6000000000000005,245.6,105385.4,4,3/60,2,698.5,0,1,0,1,1
5499.9,18.6,-7.6000000000000005,245.6,105385.4,1,3/20,1,698.5,1,0,1,1,0
5499.9,18.6,-7.6000000000000005,245.6,105385.4,3,0/70,1,698.5,1,1,1,0,1
5499.9,18.6,-7.6000000000000005,245.6,105385.4,4,2/70,2,698.5,0,0,0,1,1
1413.1862370782655,33.34740516342637,4.143220767840182,69.49545218339355,93116.56859168672,2,4/67,1,65.2808447701173,1,0,1,0,0
2362.9557654636196,20.601560956821555,-1.410901032416124,122.12467318969439,95817.53815299808,3,7/60,2,390.70806890965537,1,0,0,1,0
5499.9,18.6,-7.6000000000000005,245.6,105385.4,3,8/50,3,698.5,1,0,0,0,1
5499.9,18.6,-7.6000000000000005,245.6,105385.4,1,4/25,1,698.5,0,1,0,0,0
1812.1999812599224,18.6,-7.6000000000000005,245.6,105385.4,3,5/67,2,698.5,0,0,0,1,0
5499.9,18.6,-7.6000000000000005,245.6,105385.4,3,4/67,1,698.5,1,1,1,1,0
5499.9,18.6,-7.6000000000000005,245.6,105385.4,3,7/30,1,698.5,1,0,1,1,1
5499.9,18.6,-7.6000000000000005,245.6,105385.4,4,6/20,2,698.5,0,1,1,0,0
5499.9,18.6,-7.6000000000000005,245.6,105385.4,3,0/50,1,698.5,1,0,1,1,0
5499.9,18.6,-7.6000000000000005,245.6,572.6000000000004,1,1/67,3,698.5,0,1,0,1,0
5499.9,18.6,-7.6000000000000005,245.6,105385.4,1,1/40,1,698.5,0,1,0,1,0
5499.9,18.6,-7.6000000000000005,245.6,105385.4,2,8/50,1,698.5,1,1,1,0,1
5499.9,18.6,-7.6000000000000005,245.6,105385.4,4,0/50,3,698.5,1,1,0,0,1
4056.4068818191254,56.10879477402468,29.278173857401406,245.6,95948.84171750821,1,4/70,2,698.5,1,1,0,0,0
5499.9,18.6,-7.6000000000000005,245.6,105385.4,3,4/75,1,698.5,1,1,1,1,0
5499.9,18.6,-7.6000000000000005,245.6,105385.4,1,2/75,3,698.5,0,0,0,0,0
5499.9,18.6,-7.6000000000000005,245.6,105385.4,1,5/70,2,698.5,0,0,0,0,0
-498.90000000000003,71.4,47.6,245.6,572.6000000000004,2,4/50,1,698.5,1,0,0,1,1
5499.9,18.6,-7.6000000000000005,245.6,105385.4,3,5/90,1,698.5,1,0,1,1,0
5499.9,18.6,-7.6000000000000005,245.6,105385.4,1,5/30,1,698.5,0,0,1,0,1
5499.9,18.6,-7.6000000000000005,245.6,105385.4,2,7/30,1,698.5,0,0,1,0,1
1567.0359365300606,48.732982468077,24.30190916893895,77.90631274351102,91397.90974096255,2,5/67,1,343.0872626738105,0,0,1,0,0
5499.9,18.6,-7.6000000000000005,245.6,105385.4,4,5/00,1,698.5,1,0,1,0,1
5499.9,18.6,-7.6000000000000005,245.6,105385.4,4,4/70,1,698.5,1,1,1,1,1
5499.9,18.6,-7.6000000000000005,245.6,572.6000000000004,2,2/33,2,698.5,1,1,1,0,1
5499.9,18.6,-7.6000000000000005,245.6,105385.4,3,3/70,1,698.5,0,0,0,0,1
4521.872538857724,33.94154524672023,7.8073541748475215,86.89690965551196,96160.74367799253,4,4/33,3,36.404422261972755,1,0,0,0,1
5499.9,18.6,-7.6000000000000005,245.6,80977.29902969506,3,5/33,1,698.5,0,0,0,0,0
5499.9,18.6,-7.6000000000000005,245.6,93868.38431466183,3,2/75,3,698.5,1,0,1,0,0
5499.9,18.6,-7.6000000000000005,245.6,105385.4,2,4/25,1,698.5,0,1,1,1,1
5499.9,18.6,-7.6000000000000005,245.6,105385.4,1,6/20,3,698.5,1,1,0,1,0
3374.429269785632,18.6,-7.6000000000000005,245.6,102732.66672790487,1,5/10,3,698.5,1,1,1,1,1
5499.9,18.6,-7.6000000000000005,245.6,105385.4,4,3/90,3,698.5,0,1,1,1,0
5499.9,18.6,-7.6000000000000005,245.6,105385.4,1,3/30,3,698.5,0,1,1,1,0
5499.9,18.6,-7.6000000000000005,245.6,105385.4,4,6/10,1,698.5,0,0,1,0,1
5499.9,18.6,-7.6000000000000005,245.6,105385.4,4,2/60,2,698.5,0,1,1,1,1
5499.9,18.6,-7.6000000000000005,245.6,105385.4,1,7/50,1,698.5,0,0,1,0,1
-397.0503410857864,18.6,-7.6000000000000005,245.6,105385.4,4,2/33,2,698.5,1,1,0,0,1
5499.9,18.6,-7.6000000000000005,245.6,105385.4,3,6/20,3,698.5,1,0,0,0,1
5499.9,18.6,-7.6000000000000005,245.6,105385.4,3,4/20,1,698.5,0,1,1,1,1
5499.9,18.6,-7.6000000000000005,245.6,572.6000000000004,3,5/00,2,698.5,1,0,0,1,1
-498.90000000000003,18.6,-7.6000000000000005,245.6,105385.4,2,7/80,3,698.5,1,0,0,0,1
5499.9,18.6,-7.6000000000000005,245.6,105385.4,1,9/30,2,698.5,0,1,0,1,1
5499.9,18.6,-7.6000000000000005,245.6,572.6000000000004,3,1/60,2,698.5,1,0,0,1,1
984.0977044236006,18.6,-7.6000000000000005,245.6,105385.4,1,2/33,1,698.5,0,1,0,1,0
5499.9,18.6,-7.6000000000000005,245.6,105385.4,4,5/90,1,698.5,0,1,0,0,1
1570.081155939637,51.145537505996224,22.184014322412427,245.6,97038.71542022277,2,1/90,2,698.5,0,1,1,0,0
5499.9,18.6,-7.6000000000000005,245.6,105385.4,4,8/50,1,698.5,1,1,0,0,0
4967.689151745682,18.6,-7.6000000000000005,245.6,105385.4,2,2/00,1,698.5,0,1,1,1,0
5499.9,18.6,-7.6000000000000005,245.6,105385.4,2,2/40,2,698.5,0,1,0,1,1
5499.9,18.6,-7.6000000000000005,245.6,105385.4,3,2/50,3,698.5,0,1,1,1,0
4328.368738941051,30.118203039027918,5.329754892920352,245.6,92396.99957599642,3,8/30,3,698.5,1,0,0,1,0
4696.694969763576,70.64193820015981,43.50454856368628,245.6,99750.91167256478,1,4/10,3,698.5,1,1,0,0,0
5499.9,18.6,-7.6000000000000005,245.6,105385.4,1,7/20,1,698.5,1,1,0,1,1
5499.9,18.6,-7.6000000000000005,245.6,572.6000000000004,2,0/67,2,698.5,1,1,1,0,0
5499.9,18.6,-7.6000000000000005,245.6,105385.4,2,5/30,3,698.5,0,1,1,0,1
5499.9,18.6,-7.6000000000000005,245.6,105385.4,3,2/80,2,698.5,1,1,0,0,0
5499.9,18.6,-7.6000000000000005,245.6,105385.4,1,2/10,1,698.5,1,0,0,1,1
5499.9,18.6,-7.6000000000000005,245.6,105385.4,1,6/67,3,698.5,1,0,0,1,1
918.6905508580871,18.6,-7.6000000000000005,245.6,105385.4,3,3/10,3,698.5,1,0,1,0,0
5499.9,18.6,-7.6000000000000005,245.6,105385.4,2,2/67,3,698.5,0,1,0,1,1
115.32989277138995,18.6,-7.6000000000000005,245.6,105385.4,1,2/75,2,698.5,1,0,1,0,0
5499.9,18.6,-7.6000000000000005,245.6,105385.4,3,0/40,1,698.5,0,1,0,1,1
5499.9,18.6,-7.6000000000000005,245.6,572.6000000000004,4,2/90,3,698.5,1,0,0,1,0
5499.9,18.6,-7.6000000000000005,245.6,105385.4,2,4/50,3,698.5,1,0,1,1,0
5499.9,18.6,-7.6000000000000005,245.6,105385.4,2,6/33,3,698.5,0,1,0,0,1
5499.9,18.6,-7.6000000000000005,245.6,105385.4,2,4/70,3,698.5,1,1,0,1,1
3913.566099989628,18.6,-7.6000000000000005,245.6,105385.4,2,3/40,1,698.5,0,0,1,0,0
5499.9,18.6,-7.6000000000000005,245.6,105385.4,2,3/33,2,698.5,0,0,1,1,0
5499.9,18.6,-7.6000000000000005,245.6,105385.4,3,0/30,3,698.5,1,1,1,1,0
5499.9,18.6,-7.6000000000000005,245.6,105385.4,4,0/90,3,698.5,0,0,0,1,0
5499.9,18.6,-7.6000000000000005,245.6,105385.4,4,6/80,3,698.5,0,0,1,1,0
2003.2045564968003,34.27124896328952,5.711564897839851,89.89144376829128,95749.90892785985,3,4/30,3,505.3644336215269,1,0,1,0,0
5499.9,18.6,-7.6000000000000005,245.6,105385.4,4,5/67,1,698.5,1,1,0,1,0
5499.9,18.6,-7.6000000000000005,245.6,105385.4,4,0/30,2,698.5,1,1,1,1,0
5499.9,18.6,-7.6000000000000005,245.6,105385.4,2,4/20,2,698.5,1,1,1,1,1
5499.9,18.6,-7.6000000000000005,245.6,105385.4,3,1/30,2,698.5,1,1,0,1,1
5499.9,18.6,-7.6000000000000005,245.6,105385.4,2,0/30,3,698.5,0,0,1,1,1
5499.9,18.6,-7.6000000000000005,245.6,105385.4,2,0/75,3,698.5,0,0,0,0,0
2742.4429531960236,58.29717442237961,19.37154314785155,245.6,105385.4,2,4/50,3,698.5,1,0,0,1,0
5499.9,18.6,-7.6000000000000005,245.6,572.6000000000004,4,7/30,1,698.5,1,1,0,0,1
5499.9,18.6,-7.6000000000000005,245.6,105385.4,4,7/60,2,698.5,1,1,1,1,0
5499.9,18.6,-7.6000000000000005,245.6,572.6000000000004,1,3/90,3,698.5,0,1,0,0,1
5499.9,18.6,-7.6000000000000005,245.6,105385.4,4,1/70,3,698.5,1,1,1,0,1
5499.9,18.6,-7.6000000000000005,245.6,105385.4,1,3/20,2,698.5,0,0,1,0,1
5499.9,18.6,-7.6000000000000005,245.6,105385.4,2,1/50,1,698.5,1,1,1,0,1
5499.9,18.6,-7.6000000000000005,245.6,105385.4,1,5/80,3,698.5,0,0,1,1,0
5499.9,18.6,-7.6000000000000005,245.6,105385.4,2,6/10,2,698.5,1,0,0,0,1
5499.9,18.6,-7.6000000000000005,245.6,105385.4,1,3/30,2,698.5,0,1,0,1,0
5499.9,18.6,-7.6000000000000005,245.6,572.6000000000004,4,6/00,2,698.5,1,0,0,0,0
5499.9,18.6,-7.6000000000000005,245.6,105385.4,1,0/80,2,698.5,1,1,1,0,0
5499.9,18.6,-7.6000000000000005,245.6,105385.4,3,1/30,2,698.5,1,0,0,1,1
1909.1652854019344,57.78992822217519,34.68323272937651,135.845336898352,94540.54381814378,2,3/10,2,397.6364832240282,0,1,1,1,1
3196.231659751597,25.33132157501646,0.8589146982454956,47.239187315383376,93480.78619543814,1,8/60,3,209.1046042386862,1,0,1,1,1
5499.9,18.6,-7.6000000000000005,245.6,105385.4,3,4/25,1,698.5,0,0,0,0,1
5499.9,18.6,-7.6000000000000005,245.6,105385.4,3,7/60,2,698.5,0,1,0,0,0
5499.9,18.6,-7.6000000000000005,245.6,105385.4,3,6/67,3,698.5,1,0,1,0,1
5499.9,18.6,-7.6000000000000005,245.6,105385.4,3,5/60,3,698.5,1,1,1,0,1
5480.157046141998,48.80959226236782,24.716694933500555,33.70998891503663,94040.65747345082,1,7/00,3,253.1894490363278,1,1,0,1,1
5499.9,18.6,-7.6000000000000005,245.6,105385.4,1,7/20,3,698.5,0,0,1,0,0
5499.9,18.6,-7.6000000000000005,245.6,105385.4,4,4/70,2,698.5,1,1,1,1,0
5499.9,18.6,-7.6000000000000005,245.6,105385.4,1,7/30,3,698.5,1,0,0,0,1
5499.9,18.6,-7.6000000000000005,245.6,572.6000000000004,2,2/00,2,698.5,0,1,1,0,0
5499.9,24.483830783921267,4.564265476126115,245.6,92619.78212455894,3,10/00,3,698.5,1,0,0,0,0
5499.9,18.6,-7.6000000000000005,245.6,572.6000000000004,3,6/20,2,698.5,1,0,0,1,0
4916.41912478282,41.30893915193708,21.59450397813893,108.26404310085357,95895.4490148309,3,8/10,2,181.41146651565782,1,1,0,1,0
5499.9,18.6,-7.6000000000000005,245.6,105385.4,2,0/90,2,698.5,1,0,0,0,0
5499.9,18.6,-7.6000000000000005,245.6,105385.4,4,6/33,1,698.5,0,0,0,0,0
5499.9,18.6,-7.6000000000000005,245.6,105385.4,2,7/90,3,698.5,1,1,1,1,0
5499.9,18.6,-7.6000000000000005,245.6,105385.4,3,0/90,2,698.5,0,1,1,0,1
4381.21116703368,18.6,-7.6000000000000005,245.6,105385.4,1,2/75,2,698.5,1,0,1,0,1
5499.9,18.6,-7.6000000000000005,245.6,105385.4,3,0/00,2,698.5,1,1,1,0,0
5499.9,18.6,-7.6000000000000005,245.6,105385.4,4,1/75,3,698.5,1,1,0,1,1
5499.9,18.6,-7.6000000000000005,245.6,105385.4,2,0/10,2,698.5,1,1,0,0,0
5499.9,18.6,-7.6000000000000005,245.6,105385.4,4,3/30,1,698.5,1,1,1,0,0
5499.9,18.6,-7.6000000000000005,245.6,105385.4,2,6/60,1,698.5,0,0,0,0,1
4206.387121636379,44.109419933299435,21.025488363204676,58.26704373638208,95016.87947884011,3,3/50,1,36.144378603158366,1,1,1,1,1
1929.3217086618497,18.6,-7.6000000000000005,245.6,105385.4,4,3/60,1,698.5,0,0,1,1,1
5499.9,18.6,-7.6000000000000005,245.6,97797.95490852365,4,3/25,1,698.5,1,1,1,1,0
5499.9,18.6,-7.6000000000000005,245.6,105385.4,4,0/60,3,698.5,1,0,0,0,0
4621.515362464037,36.888171209032535,14.823609030272591,15.380305425017688,96232.45474495747,4,2/75,3,49.30236245022476,0,1,0,1,0
1514.8560039757836,18.6,-7.6000000000000005,245.6,105385.4,1,3/70,1,698.5,0,1,0,1,1
5499.9,18.6,-7.6000000000000005,245.6,105385.4,2,0/50,3,698.5,1,1,0,0,0
5499.9,18.6,-7.6000000000000005,245.6,105385.4,2,2/33,3,698.5,1,1,0,0,0
5499.9,18.6,-7.6000000000000005,245.6,105385.4,4,8/50,2,698.5,0,1,1,1,0
5499.9,18.6,-7.6000000000000005,245.6,105385.4,4,5/50,3,698.5,1,0,0,0,0
5499.9,18.6,-7.6000000000000005,245.6,105385.4,2,1/75,1,698.5,1,0,0,1,1
5499.9,18.6,-7.6000000000000005,245.6,105385.4,3,4/80,3,698.5,0,0,1,1,0
5499.9,18.6,-7.6000000000000005,245.6,572.6000000000004,2,0/00,2,698.5,1,1,0,0,1
5499.9,18.6,-7.6000000000000005,245.6,105385.4,2,5/00,2,698.5,0,0,1,1,0
5499.9,18.6,-7.6000000000000005,245.6,105385.4,3,8/20,3,698.5,0,1,1,1,0
5499.9,18.6,-7.6000000000000005,245.6,105385.4,4,3/33,2,698.5,0,1,0,0,0
5499.9,18.6,-7.6000000000000005,245.6,105385.4,1,0/80,2,698.5,0,0,0,0,0
5499.9,18.6,-7.6000000000000005,245.6,105385.4,1,1/60,3,698.5,0,0,1,0,0
5499.9,18.6,-7.6000000000000005,245.6,105385.4,3,0/70,2,698.5,0,1,0,0,0
3423.1430005079255,18.6,-7.6000000000000005,245.6,105385.4,1,6/60,2,698.5,0,1,1,0,1
5499.9,18.6,-7.6000000000000005,245.6,572.6000000000004,3,3/33,3,698.5,1,0,0,1,1
5499.9,18.6,-7.6000000000000005,245.6,105385.4,1,4/75,1,698.5,1,0,1,0,1
5499.9,18.6,-7.6000000000000005,245.6,105385.4,2,8/30,2,698.5,1,1,0,0,0
-498.90000000000003,18.6,-7.6000000000000005,245.6,572.6000000000004,4,10/00,2,698.5,0,1,1,1,0
-498.90000000000003,18.6,-7.6000000000000005,245.6,572.6000000000004,1,2/40,3,698.5,1,1,1,0,1
5499.9,18.6,-7.6000000000000005,245.6,74236.06067304507,4,7/30,2,698.5,0,0,0,0,1
-498.90000000000003,18.6,-7.6000000000000005,245.6,105385.4,1,7/90,1,698.5,1,0,0,1,1
5499.9,18.6,-7.6000000000000005,245.6,105385.4,2,5/30,1,698.5,0,0,0,1,0
5499.9,18.6,-7.6000000000000005,245.6,105385.4,2,6/67,1,698.5,1,0,1,1,0
5499.9,18.6,-7.6000000000000005,245.6,105385.4,3,3/80,3,698.5,1,1,1,1,0
5499.9,18.6,-7.6000000000000005,245.6,105385.4,2,6/67,1,698.5,0,0,0,1,0
5499.9,18.6,-7.6000000000000005,245.6,105385.4,3,4/70,3,698.5,0,1,1,1,1
5499.9,18.6,-7.6000000000000005,245.6,105385.4,4,0/67,2,698.5,0,1,1,0,1
5499.9,18.6,-7.6000000000000005,245.6,105385.4,4,4/60,1,698.5,0,0,1,0,1
5499.9,18.6,-7.6000000000000005,245.6,572.6000000000004,3,4/10,3,698.5,0,1,1,1,0
5499.9,18.6,-7.6000000000000005,245.6,105385.4,1,6/67,1,698.5,1,0,1,0,0
5499.9,18.6,-7.6000000000000005,245.6,105385.4,1,2/80,3,698.5,1,1,1,0,1
5499.9,18.6,-7.6000000000000005,245.6,105385.4,2,7/30,2,698.5,1,1,1,1,1
2000.8714354541173,28.616941980559982,4.474393866905961,24.94253094718998,94423.38855871829,4,3/67,3,256.7084728376346,0,1,1,0,0
5499.9,18.6,-7.6000000000000005,245.6,105385.4,1,1/20,3,698.5,0,0,1,0,1
5499.9,18.6,-7.6000000000000005,245.6,105385.4,1,10/00,1,698.5,1,0,0,1,0
5499.9,18.6,-7.6000000000000005,245.6,105385.4,3,7/80,2,698.5,0,0,0,1,1
5499.9,18.6,-7.6000000000000005,245.6,105385.4,1,4/33,3,698.5,0,0,0,0,0
5499.9,18.6,-7.6000000000000005,245.6,105385.4,4,1/10,2,698.5,1,1,0,1,0
5499.9,18.6,-7.6000000000000005,245.6,105385.4,2,5/00,3,698.5,0,1,0,1,1
5499.9,40.809492956760906,15.200189769212933,48.29013727298697,94480.31748936547,3,0/90,1,379.3028840939515,0,1,0,0,0
5499.9,18.6,-7.6000000000000005,245.6,105385.4,4,1/80,1,698.5,0,1,0,1,0
5499.9,18.6,-7.6000000000000005,245.6,105385.4,1,2/20,1,698.5,1,0,1,0,0
5499.9,18.6,-7.6000000000000005,245.6,105385.4,1,5/90,2,698.5,1,1,1,1,0
5499.9,18.6,-7.6000000000000005,245.6,105385.4,4,0/00,3,698.5,0,0,0,1,0
5499.9,18.6,-7.6000000000000005,245.6,105385.4,2,2/50,1,698.5,1,1,1,0,1
5499.9,18.6,-7.6000000000000005,245.6,105385.4,3,1/00,3,698.5,1,0,1,1,0
5499.9,18.6,-7.6000000000000005,245.6,105385.4,4,1/80,1,698.5,0,1,0,1,1
837.4236693635899,43.97765185564556,22.684015443571045,6.5838058988798025,93054.65675249422,2,3/33,1,60.30147758555503,0,0,0,0,1
5499.9,71.4,47.6,245.6,572.6000000000004,1,7/90,2,698.5,1,0,0,1,0
5499.9,18.6,-7.6000000000000005,245.6,105385.4,2,7/20,1,698.5,1,0,0,1,0
1029.7904399538793,50.57685242381547,27.87965632369956,125.178398440882,95825.91912072092,2,1/75,2,484.17549546181397,0,1,1,0,0
5499.9,18.6,-7.6000000000000005,245.6,105385.4,1,6/70,2,698.5,0,0,1,0,1
5499.9,18.6,-7.6000000000000005,245.6,105385.4,3,0/30,3,698.5,0,0,1,0,0
