{
    "original_columns": [
        "ID",
        "Age",
        "Experience",
        "Income",
        "ZIP Code",
        "Family",
        "CCAvg",
        "Education",
        "Mortgage",
        "Personal Loan",
        "Securities Account",
        "CD Account",
        "Online",
        "CreditCard"
    ],
    "categorical_columns": [
        "CCAvg"
    ],
    "encoding_method": "ordinal",
    "mappings": {
        "CCAvg": [
            "0/00",
            "0/10",
            "0/20",
            "0/30",
            "0/40",
            "0/50",
            "0/60",
            "0/67",
            "0/70",
            "0/75",
            "0/80",
            "0/90",
            "10-Apr",
            "10-Aug",
            "10-Feb",
            "10-Jan",
            "10-Jun",
            "10-Mar",
            "10-May",
            "20-Apr",
            "20-Aug",
            "20-Feb",
            "20-Jan",
            "20-Jul",
            "20-Jun",
            "20-Mar",
            "20-May",
            "25-Apr",
            "25-Mar",
            "30-Apr",
            "30-Aug",
            "30-Jan",
            "30-Jul",
            "30-Jun",
            "30-Mar",
            "30-May",
            "30-Sep",
            "Apr-00",
            "Apr-33",
            "Apr-40",
            "Apr-50",
            "Apr-60",
            "Apr-67",
            "Apr-70",
            "Apr-75",
            "Apr-80",
            "Apr-90",
            "Aug-00",
            "Aug-50",
            "Aug-60",
            "Aug-80",
            "Aug-90",
            "Feb-00",
            "Feb-30",
            "Feb-33",
            "Feb-40",
            "Feb-50",
            "Feb-60",
            "Feb-67",
            "Feb-70",
            "Feb-75",
            "Feb-80",
            "Feb-90",
            "Jan-00",
            "Jan-33",
            "Jan-40",
            "Jan-50",
            "Jan-60",
            "Jan-67",
            "Jan-70",
            "Jan-75",
            "Jan-80",
            "Jan-90",
            "Jul-00",
            "Jul-40",
            "Jul-50",
            "Jul-60",
            "Jul-80",
            "Jul-90",
            "Jun-00",
            "Jun-33",
            "Jun-40",
            "Jun-50",
            "Jun-60",
            "Jun-67",
            "Jun-70",
            "Jun-80",
            "Jun-90",
            "Mar-00",
            "Mar-33",
            "Mar-40",
            "Mar-50",
            "Mar-60",
            "Mar-67",
            "Mar-70",
            "Mar-80",
            "Mar-90",
            "May-00",
            "May-33",
            "May-40",
            "May-50",
            "May-60",
            "May-67",
            "May-70",
            "May-80",
            "May-90",
            "Oct-00",
            "Sep-00"
        ]
    }
}