{
    "original_columns": [
        "age",
        "workclass",
        "fnlwgt",
        "education",
        "education-num",
        "marital-status",
        "occupation",
        "relationship",
        "race",
        "sex",
        "capital-gain",
        "capital-loss",
        "hours-per-week",
        "native-country",
        "class"
    ],
    "categorical_columns": [
        "age",
        "workclass",
        "fnlwgt",
        "education",
        "education-num",
        "marital-status",
        "occupation",
        "relationship",
        "race",
        "sex",
        "capital-gain",
        "capital-loss",
        "hours-per-week",
        "native-country",
        "class"
    ],
    "encoding_method": "ordinal",
    "mappings": {
        "age": [
            "'\\'(-inf-21.5]\\''",
            "'\\'(21.5-23.5]\\''",
            "'\\'(23.5-24.5]\\''",
            "'\\'(24.5-27.5]\\''",
            "'\\'(27.5-30.5]\\''",
            "'\\'(30.5-35.5]\\''",
            "'\\'(35.5-41.5]\\''",
            "'\\'(41.5-54.5]\\''",
            "'\\'(54.5-61.5]\\''",
            "'\\'(61.5-67.5]\\''",
            "'\\'(67.5-inf)\\''"
        ],
        "workclass": [
            "Federal-gov",
            "Local-gov",
            "Never-worked",
            "Private",
            "Self-emp-inc",
            "Self-emp-not-inc",
            "State-gov",
            "Without-pay",
            "missing"
        ],
        "fnlwgt": [
            "'\\'All\\''"
        ],
        "education": [
            "10th",
            "11th",
            "12th",
            "1st-4th",
            "5th-6th",
            "7th-8th",
            "9th",
            "Assoc-acdm",
            "Assoc-voc",
            "Bachelors",
            "Doctorate",
            "HS-grad",
            "Masters",
            "Preschool",
            "Prof-school",
            "Some-college"
        ],
        "education-num": [
            "'\\'(-inf-8.5]\\''",
            "'\\'(10.5-12.5]\\''",
            "'\\'(12.5-13.5]\\''",
            "'\\'(13.5-14.5]\\''",
            "'\\'(14.5-inf)\\''",
            "'\\'(8.5-9.5]\\''",
            "'\\'(9.5-10.5]\\''"
        ],
        "marital-status": [
            "Divorced",
            "Married-AF-spouse",
            "Married-civ-spouse",
            "Married-spouse-absent",
            "Never-married",
            "Separated",
            "Widowed"
        ],
        "occupation": [
            "Adm-clerical",
            "Armed-Forces",
            "Craft-repair",
            "Exec-managerial",
            "Farming-fishing",
            "Handlers-cleaners",
            "Machine-op-inspct",
            "Other-service",
            "Priv-house-serv",
            "Prof-specialty",
            "Protective-serv",
            "Sales",
            "Tech-support",
            "Transport-moving",
            "missing"
        ],
        "relationship": [
            "Husband",
            "Not-in-family",
            "Other-relative",
            "Own-child",
            "Unmarried",
            "Wife"
        ],
        "race": [
            "Amer-Indian-Eskimo",
            "Asian-Pac-Islander",
            "Black",
            "Other",
            "White"
        ],
        "sex": [
            "Female",
            "Male"
        ],
        "capital-gain": [
            "'\\'(-inf-57]\\''",
            "'\\'(3048-3120]\\''",
            "'\\'(3120-4243.5]\\''",
            "'\\'(4243.5-4401]\\''",
            "'\\'(4401-4668.5]\\''",
            "'\\'(4668.5-4826]\\''",
            "'\\'(4826-4932.5]\\''",
            "'\\'(4932.5-4973.5]\\''",
            "'\\'(4973.5-5119]\\''",
            "'\\'(5119-5316.5]\\''",
            "'\\'(5316.5-5505.5]\\''",
            "'\\'(5505.5-5638.5]\\''",
            "'\\'(5638.5-6389]\\''",
            "'\\'(57-3048]\\''",
            "'\\'(6389-6457.5]\\''",
            "'\\'(6457.5-6505.5]\\''",
            "'\\'(6505.5-6667.5]\\''",
            "'\\'(6667.5-7055.5]\\''",
            "'\\'(7055.5-inf)\\''"
        ],
        "capital-loss": [
            "'\\'(-inf-1551.5]\\''",
            "'\\'(1551.5-1568.5]\\''",
            "'\\'(1568.5-1820.5]\\''",
            "'\\'(1820.5-1834.5]\\''",
            "'\\'(1834.5-1846]\\''",
            "'\\'(1846-1859]\\''",
            "'\\'(1859-1881.5]\\''",
            "'\\'(1881.5-1894.5]\\''",
            "'\\'(1894.5-1927.5]\\''",
            "'\\'(1927.5-1975.5]\\''",
            "'\\'(1975.5-1978.5]\\''",
            "'\\'(1978.5-2168.5]\\''",
            "'\\'(2168.5-2176.5]\\''",
            "'\\'(2176.5-2218.5]\\''",
            "'\\'(2218.5-2310.5]\\''",
            "'\\'(2310.5-2364.5]\\''",
            "'\\'(2364.5-2384.5]\\''",
            "'\\'(2384.5-2450.5]\\''",
            "'\\'(2450.5-2469.5]\\''",
            "'\\'(2469.5-3089.5]\\''",
            "'\\'(3089.5-inf)\\''"
        ],
        "hours-per-week": [
            "'\\'(-inf-34.5]\\''",
            "'\\'(34.5-39.5]\\''",
            "'\\'(39.5-41.5]\\''",
            "'\\'(41.5-49.5]\\''",
            "'\\'(49.5-61.5]\\''",
            "'\\'(61.5-inf)\\''"
        ],
        "native-country": [
            "Cambodia",
            "Canada",
            "China",
            "Columbia",
            "Cuba",
            "Dominican-Republic",
            "Ecuador",
            "El-Salvador",
            "England",
            "France",
            "Germany",
            "Greece",
            "Guatemala",
            "Haiti",
            "Holand-Netherlands",
            "Honduras",
            "Hong",
            "Hungary",
            "India",
            "Iran",
            "Ireland",
            "Italy",
            "Jamaica",
            "Japan",
            "Laos",
            "Mexico",
            "Nicaragua",
            "Outlying-US(Guam-USVI-etc)",
            "Peru",
            "Philippines",
            "Poland",
            "Portugal",
            "Puerto-Rico",
            "Scotland",
            "South",
            "Taiwan",
            "Thailand",
            "Trinadad&Tobago",
            "United-States",
            "Vietnam",
            "Yugoslavia",
            "missing"
        ],
        "class": [
            "<=50K",
            ">50K"
        ]
    }
}